Date,Mine,Pit,Production_Tonnes,Target_Tonnes,Equipment_Availability_Pct,Equipment_Utilisation_Pct,Downtime_Hours,Production_Year,Production_Month,Month_Name,Production_Variance_Tonnes,Production_Shortfall_Tonnes,Production_Surplus_Tonnes,Target_Achievement_Pct,Production_Status,Production_Performance_Category,Availability_Status,Utilisation_Status,Downtime_Category,Equipment_Performance_Status,Possible_Production_Constraint,Production_Risk_Level
2025-01-01,Mankokobi Coal Mine,Central Pit,7312.1,7732.2,93.6,73.9,5.3,2025,1,Jan,-420.1,420.1,0,94.57,Below Target,Underperforming,Good Availability,Poor Utilisation,Low Downtime,Available but Underutilised,Low Equipment Utilisation,Medium Risk
2025-01-01,Mankokobi Coal Mine,North Pit,9518.2,8430.8,87.2,82.5,5,2025,1,Jan,1087.4,0,1087.4,112.9,Target Achieved,Target Achieved,Moderate Availability,Moderate Utilisation,Low Downtime,Needs Investigation,No Production Shortfall,Low Risk
2025-01-01,Mankokobi Coal Mine,South Pit,6526.7,7014.9,77.5,65.9,11.1,2025,1,Jan,-488.2,488.2,0,93.04,Below Target,Underperforming,Poor Availability,Poor Utilisation,High Downtime,Availability Constraint,High Downtime / Low Availability,High Risk
2025-01-02,Mankokobi Coal Mine,Central Pit,7596.4,7643.5,80.2,74.2,9.1,2025,1,Jan,-47.1,47.1,0,99.38,Below Target,Slightly Below Target,Moderate Availability,Poor Utilisation,Moderate Downtime,Needs Investigation,Low Equipment Utilisation,Medium Risk
2025-01-02,Mankokobi Coal Mine,North Pit,6342.8,8021.2,83.9,73.1,10.7,2025,1,Jan,-1678.4,1678.4,0,79.08,Below Target,Critical Underperformance,Moderate Availability,Poor Utilisation,High Downtime,Needs Investigation,Low Equipment Utilisation,Medium Risk
2025-01-02,Mankokobi Coal Mine,South Pit,6211.1,6641.3,93.2,80,7.6,2025,1,Jan,-430.2,430.2,0,93.52,Below Target,Underperforming,Good Availability,Moderate Utilisation,Moderate Downtime,Needs Investigation,Further Investigation Required,Low Risk
2025-01-03,Mankokobi Coal Mine,Central Pit,9549.9,8873.1,94.6,79.5,11.9,2025,1,Jan,676.8,0,676.8,107.63,Target Achieved,Target Achieved,Good Availability,Moderate Utilisation,High Downtime,Needs Investigation,No Production Shortfall,Medium Risk
2025-01-03,Mankokobi Coal Mine,North Pit,7177.2,8215.1,82.2,83.8,6.4,2025,1,Jan,-1037.9,1037.9,0,87.37,Below Target,Critical Underperformance,Moderate Availability,Moderate Utilisation,Moderate Downtime,Needs Investigation,Further Investigation Required,Low Risk
2025-01-03,Mankokobi Coal Mine,South Pit,6333.4,6865.6,86.3,67.7,11.1,2025,1,Jan,-532.2,532.2,0,92.25,Below Target,Underperforming,Moderate Availability,Poor Utilisation,High Downtime,Needs Investigation,Low Equipment Utilisation,High Risk
2025-01-04,Mankokobi Coal Mine,Central Pit,7892.6,7320.5,91.4,85.2,10.5,2025,1,Jan,572.1,0,572.1,107.82,Target Achieved,Target Achieved,Good Availability,Good Utilisation,High Downtime,Effective,No Production Shortfall,Medium Risk
2025-01-04,Mankokobi Coal Mine,North Pit,7607.4,7620.1,83.2,70.1,10.8,2025,1,Jan,-12.7,12.7,0,99.83,Below Target,Slightly Below Target,Moderate Availability,Poor Utilisation,High Downtime,Needs Investigation,Low Equipment Utilisation,Medium Risk
2025-01-04,Mankokobi Coal Mine,South Pit,7430.2,6830.2,84.6,67.4,4.2,2025,1,Jan,600,0,600,108.78,Target Achieved,Target Achieved,Moderate Availability,Poor Utilisation,Low Downtime,Needs Investigation,No Production Shortfall,High Risk
2025-01-05,Mankokobi Coal Mine,Central Pit,7611.4,7163.6,87.6,84.8,8.7,2025,1,Jan,447.8,0,447.8,106.25,Target Achieved,Target Achieved,Moderate Availability,Moderate Utilisation,Moderate Downtime,Needs Investigation,No Production Shortfall,Medium Risk
2025-01-05,Mankokobi Coal Mine,North Pit,8575.2,7735.3,81.4,83.7,11.6,2025,1,Jan,839.9,0,839.9,110.86,Target Achieved,Target Achieved,Moderate Availability,Moderate Utilisation,High Downtime,Needs Investigation,No Production Shortfall,Medium Risk
2025-01-05,Mankokobi Coal Mine,South Pit,7414.4,6913.5,96.6,59.7,3.8,2025,1,Jan,500.9,0,500.9,107.25,Target Achieved,Target Achieved,Good Availability,Poor Utilisation,Low Downtime,Available but Underutilised,No Production Shortfall,High Risk
2025-01-06,Mankokobi Coal Mine,Central Pit,7822.5,8307.7,85.1,72.3,12,2025,1,Jan,-485.2,485.2,0,94.16,Below Target,Underperforming,Moderate Availability,Poor Utilisation,High Downtime,Needs Investigation,Low Equipment Utilisation,Medium Risk
2025-01-06,Mankokobi Coal Mine,North Pit,7570.1,7600.5,93.7,84.3,5.8,2025,1,Jan,-30.4,30.4,0,99.6,Below Target,Slightly Below Target,Good Availability,Moderate Utilisation,Low Downtime,Needs Investigation,Further Investigation Required,Low Risk
2025-01-06,Mankokobi Coal Mine,South Pit,7332.6,7162.4,94.4,79.8,5.3,2025,1,Jan,170.2,0,170.2,102.38,Target Achieved,Target Achieved,Good Availability,Moderate Utilisation,Low Downtime,Needs Investigation,No Production Shortfall,Medium Risk
2025-01-07,Mankokobi Coal Mine,Central Pit,8388.7,8222.3,86.4,59.4,5.6,2025,1,Jan,166.4,0,166.4,102.02,Target Achieved,Target Achieved,Moderate Availability,Poor Utilisation,Low Downtime,Needs Investigation,No Production Shortfall,High Risk
2025-01-07,Mankokobi Coal Mine,North Pit,7992.2,8293.2,93.3,73.1,5.7,2025,1,Jan,-301,301,0,96.37,Below Target,Slightly Below Target,Good Availability,Poor Utilisation,Low Downtime,Available but Underutilised,Low Equipment Utilisation,Medium Risk
2025-01-07,Mankokobi Coal Mine,South Pit,6944.7,6786.3,83.6,76.9,8.3,2025,1,Jan,158.4,0,158.4,102.33,Target Achieved,Target Achieved,Moderate Availability,Moderate Utilisation,Moderate Downtime,Needs Investigation,No Production Shortfall,Medium Risk
2025-01-08,Mankokobi Coal Mine,Central Pit,7875,7679.5,98,76.7,4.9,2025,1,Jan,195.5,0,195.5,102.55,Target Achieved,Target Achieved,Good Availability,Moderate Utilisation,Low Downtime,Needs Investigation,No Production Shortfall,Medium Risk
2025-01-08,Mankokobi Coal Mine,North Pit,6585.5,7829,95.7,77.9,6.3,2025,1,Jan,-1243.5,1243.5,0,84.12,Below Target,Critical Underperformance,Good Availability,Moderate Utilisation,Moderate Downtime,Needs Investigation,Further Investigation Required,Medium Risk
2025-01-08,Mankokobi Coal Mine,South Pit,6278.8,7101.3,88,83.4,10.5,2025,1,Jan,-822.5,822.5,0,88.42,Below Target,Critical Underperformance,Moderate Availability,Moderate Utilisation,High Downtime,Needs Investigation,Further Investigation Required,Medium Risk
2025-01-09,Mankokobi Coal Mine,Central Pit,7803.2,7259.3,88.4,74.5,5.3,2025,1,Jan,543.9,0,543.9,107.49,Target Achieved,Target Achieved,Moderate Availability,Poor Utilisation,Low Downtime,Needs Investigation,No Production Shortfall,Medium Risk
2025-01-09,Mankokobi Coal Mine,North Pit,7394.8,8622,83,87.8,9.3,2025,1,Jan,-1227.2,1227.2,0,85.77,Below Target,Critical Underperformance,Moderate Availability,Good Utilisation,Moderate Downtime,Needs Investigation,Further Investigation Required,Medium Risk
2025-01-09,Mankokobi Coal Mine,South Pit,6955.9,6998.4,85.2,67.1,9.4,2025,1,Jan,-42.5,42.5,0,99.39,Below Target,Slightly Below Target,Moderate Availability,Poor Utilisation,Moderate Downtime,Needs Investigation,Low Equipment Utilisation,High Risk
2025-01-10,Mankokobi Coal Mine,Central Pit,6399.8,7309.6,86.2,83.7,11,2025,1,Jan,-909.8,909.8,0,87.55,Below Target,Critical Underperformance,Moderate Availability,Moderate Utilisation,High Downtime,Needs Investigation,Further Investigation Required,Medium Risk
2025-01-10,Mankokobi Coal Mine,North Pit,8268.1,8513.6,83,82.3,4.8,2025,1,Jan,-245.5,245.5,0,97.12,Below Target,Slightly Below Target,Moderate Availability,Moderate Utilisation,Low Downtime,Needs Investigation,Further Investigation Required,Low Risk
2025-01-10,Mankokobi Coal Mine,South Pit,7415.1,7578.1,98,75.7,11.7,2025,1,Jan,-163,163,0,97.85,Below Target,Slightly Below Target,Good Availability,Moderate Utilisation,High Downtime,Needs Investigation,Further Investigation Required,Medium Risk
2025-01-11,Mankokobi Coal Mine,Central Pit,8534.3,7952.1,94.7,79.6,3.7,2025,1,Jan,582.2,0,582.2,107.32,Target Achieved,Target Achieved,Good Availability,Moderate Utilisation,Low Downtime,Needs Investigation,No Production Shortfall,Medium Risk
2025-01-11,Mankokobi Coal Mine,North Pit,7316,8395.2,92.3,69.3,10.1,2025,1,Jan,-1079.2,1079.2,0,87.15,Below Target,Critical Underperformance,Good Availability,Poor Utilisation,High Downtime,Available but Underutilised,Low Equipment Utilisation,High Risk
2025-01-11,Mankokobi Coal Mine,South Pit,7311.9,7098.1,84.1,91.1,9.5,2025,1,Jan,213.8,0,213.8,103.01,Target Achieved,Target Achieved,Moderate Availability,Good Utilisation,Moderate Downtime,Needs Investigation,No Production Shortfall,Medium Risk
2025-01-12,Mankokobi Coal Mine,Central Pit,9463.6,8115.9,90.3,83.8,4.4,2025,1,Jan,1347.7,0,1347.7,116.61,Target Achieved,Target Achieved,Good Availability,Moderate Utilisation,Low Downtime,Needs Investigation,No Production Shortfall,Low Risk
2025-01-12,Mankokobi Coal Mine,North Pit,7603.9,8618,82.8,72.7,10.3,2025,1,Jan,-1014.1,1014.1,0,88.23,Below Target,Critical Underperformance,Moderate Availability,Poor Utilisation,High Downtime,Needs Investigation,Low Equipment Utilisation,Medium Risk
2025-01-12,Mankokobi Coal Mine,South Pit,6123,6348,83.8,84.2,9.3,2025,1,Jan,-225,225,0,96.46,Below Target,Slightly Below Target,Moderate Availability,Moderate Utilisation,Moderate Downtime,Needs Investigation,Further Investigation Required,Medium Risk
2025-01-13,Mankokobi Coal Mine,Central Pit,7110.7,7246.2,93.4,78.3,5.2,2025,1,Jan,-135.5,135.5,0,98.13,Below Target,Slightly Below Target,Good Availability,Moderate Utilisation,Low Downtime,Needs Investigation,Further Investigation Required,Medium Risk
2025-01-13,Mankokobi Coal Mine,North Pit,10349.3,8296.9,96,76.1,5.4,2025,1,Jan,2052.4,0,2052.4,124.74,Target Achieved,Target Achieved,Good Availability,Moderate Utilisation,Low Downtime,Needs Investigation,No Production Shortfall,Medium Risk
2025-01-13,Mankokobi Coal Mine,South Pit,6779.5,6874.9,91.9,81.3,12.3,2025,1,Jan,-95.4,95.4,0,98.61,Below Target,Slightly Below Target,Good Availability,Moderate Utilisation,High Downtime,Needs Investigation,Further Investigation Required,High Risk
2025-01-14,Mankokobi Coal Mine,Central Pit,7941.4,7788.2,81.1,79.2,8.7,2025,1,Jan,153.2,0,153.2,101.97,Target Achieved,Target Achieved,Moderate Availability,Moderate Utilisation,Moderate Downtime,Needs Investigation,No Production Shortfall,Medium Risk
2025-01-14,Mankokobi Coal Mine,North Pit,7780.9,8091.8,92.3,85.3,6.5,2025,1,Jan,-310.9,310.9,0,96.16,Below Target,Slightly Below Target,Good Availability,Good Utilisation,Moderate Downtime,Effective,Non-Equipment Constraint,Low Risk
2025-01-14,Mankokobi Coal Mine,South Pit,7024,7087.5,83.6,85.4,10.3,2025,1,Jan,-63.5,63.5,0,99.1,Below Target,Slightly Below Target,Moderate Availability,Good Utilisation,High Downtime,Needs Investigation,Further Investigation Required,Medium Risk
2025-01-15,Mankokobi Coal Mine,Central Pit,8392.5,7835.8,89.4,78.2,8.1,2025,1,Jan,556.7,0,556.7,107.1,Target Achieved,Target Achieved,Moderate Availability,Moderate Utilisation,Moderate Downtime,Needs Investigation,No Production Shortfall,Medium Risk
2025-01-15,Mankokobi Coal Mine,North Pit,7986.8,8798.3,93.8,68.4,10.9,2025,1,Jan,-811.5,811.5,0,90.78,Below Target,Underperforming,Good Availability,Poor Utilisation,High Downtime,Available but Underutilised,Low Equipment Utilisation,High Risk
2025-01-15,Mankokobi Coal Mine,South Pit,7645.1,7248.3,94.2,84.7,11.6,2025,1,Jan,396.8,0,396.8,105.47,Target Achieved,Target Achieved,Good Availability,Moderate Utilisation,High Downtime,Needs Investigation,No Production Shortfall,Medium Risk
2025-01-16,Mankokobi Coal Mine,Central Pit,7313,8759.1,77.7,82.8,4.7,2025,1,Jan,-1446.1,1446.1,0,83.49,Below Target,Critical Underperformance,Poor Availability,Moderate Utilisation,Low Downtime,Availability Constraint,Low Equipment Availability,Low Risk
2025-01-16,Mankokobi Coal Mine,North Pit,7048.4,7785.8,79.7,79.2,4.8,2025,1,Jan,-737.4,737.4,0,90.53,Below Target,Underperforming,Poor Availability,Moderate Utilisation,Low Downtime,Availability Constraint,Low Equipment Availability,Medium Risk
2025-01-16,Mankokobi Coal Mine,South Pit,6587.4,6586.5,86.2,88.9,5.5,2025,1,Jan,0.9,0,0.9,100.01,Target Achieved,Target Achieved,Moderate Availability,Good Utilisation,Low Downtime,Needs Investigation,No Production Shortfall,Low Risk
2025-01-17,Mankokobi Coal Mine,Central Pit,8615.9,8332,92.6,78.1,6.5,2025,1,Jan,283.9,0,283.9,103.41,Target Achieved,Target Achieved,Good Availability,Moderate Utilisation,Moderate Downtime,Needs Investigation,No Production Shortfall,Medium Risk
2025-01-17,Mankokobi Coal Mine,North Pit,7432.4,7984.9,89.2,78.3,8.5,2025,1,Jan,-552.5,552.5,0,93.08,Below Target,Underperforming,Moderate Availability,Moderate Utilisation,Moderate Downtime,Needs Investigation,Further Investigation Required,Medium Risk
2025-01-17,Mankokobi Coal Mine,South Pit,6582.6,6697.4,92.7,72.5,3.8,2025,1,Jan,-114.8,114.8,0,98.29,Below Target,Slightly Below Target,Good Availability,Poor Utilisation,Low Downtime,Available but Underutilised,Low Equipment Utilisation,Medium Risk
2025-01-18,Mankokobi Coal Mine,Central Pit,9169.8,8522.4,90.2,69.2,12.2,2025,1,Jan,647.4,0,647.4,107.6,Target Achieved,Target Achieved,Good Availability,Poor Utilisation,High Downtime,Available but Underutilised,No Production Shortfall,High Risk
2025-01-18,Mankokobi Coal Mine,North Pit,7713.1,7972.4,97.1,75.7,5.9,2025,1,Jan,-259.3,259.3,0,96.75,Below Target,Slightly Below Target,Good Availability,Moderate Utilisation,Low Downtime,Needs Investigation,Further Investigation Required,Medium Risk
2025-01-18,Mankokobi Coal Mine,South Pit,8378.8,7177.6,97.1,68.7,5.8,2025,1,Jan,1201.2,0,1201.2,116.74,Target Achieved,Target Achieved,Good Availability,Poor Utilisation,Low Downtime,Available but Underutilised,No Production Shortfall,High Risk
2025-01-19,Mankokobi Coal Mine,Central Pit,7529.6,7713.2,82.9,68.9,7.5,2025,1,Jan,-183.6,183.6,0,97.62,Below Target,Slightly Below Target,Moderate Availability,Poor Utilisation,Moderate Downtime,Needs Investigation,Low Equipment Utilisation,High Risk
2025-01-19,Mankokobi Coal Mine,North Pit,9425.1,8911,84.1,81.1,7.9,2025,1,Jan,514.1,0,514.1,105.77,Target Achieved,Target Achieved,Moderate Availability,Moderate Utilisation,Moderate Downtime,Needs Investigation,No Production Shortfall,Low Risk
2025-01-19,Mankokobi Coal Mine,South Pit,7723.2,7757.2,80.1,74.9,7,2025,1,Jan,-34,34,0,99.56,Below Target,Slightly Below Target,Moderate Availability,Poor Utilisation,Moderate Downtime,Needs Investigation,Low Equipment Utilisation,Medium Risk
2025-01-20,Mankokobi Coal Mine,Central Pit,7443.5,7819.3,84.7,78.5,12.1,2025,1,Jan,-375.8,375.8,0,95.19,Below Target,Slightly Below Target,Moderate Availability,Moderate Utilisation,High Downtime,Needs Investigation,Further Investigation Required,High Risk
2025-01-20,Mankokobi Coal Mine,North Pit,9049,8365.2,98,80.8,5.1,2025,1,Jan,683.8,0,683.8,108.17,Target Achieved,Target Achieved,Good Availability,Moderate Utilisation,Low Downtime,Needs Investigation,No Production Shortfall,Low Risk
2025-01-20,Mankokobi Coal Mine,South Pit,7317.7,6148.2,95,73.7,8.5,2025,1,Jan,1169.5,0,1169.5,119.02,Target Achieved,Target Achieved,Good Availability,Poor Utilisation,Moderate Downtime,Available but Underutilised,No Production Shortfall,Medium Risk
2025-01-21,Mankokobi Coal Mine,Central Pit,7775.2,8139.7,85.4,73.6,9.9,2025,1,Jan,-364.5,364.5,0,95.52,Below Target,Slightly Below Target,Moderate Availability,Poor Utilisation,Moderate Downtime,Needs Investigation,Low Equipment Utilisation,Medium Risk
2025-01-21,Mankokobi Coal Mine,North Pit,7737.3,8275.5,91.2,80,4.2,2025,1,Jan,-538.2,538.2,0,93.5,Below Target,Underperforming,Good Availability,Moderate Utilisation,Low Downtime,Needs Investigation,Further Investigation Required,Low Risk
2025-01-21,Mankokobi Coal Mine,South Pit,7798.3,7434,89.7,83.7,6.1,2025,1,Jan,364.3,0,364.3,104.9,Target Achieved,Target Achieved,Moderate Availability,Moderate Utilisation,Moderate Downtime,Needs Investigation,No Production Shortfall,Low Risk
2025-01-22,Mankokobi Coal Mine,Central Pit,8708.4,7991.2,86.9,76.5,10.4,2025,1,Jan,717.2,0,717.2,108.97,Target Achieved,Target Achieved,Moderate Availability,Moderate Utilisation,High Downtime,Needs Investigation,No Production Shortfall,Medium Risk
2025-01-22,Mankokobi Coal Mine,North Pit,7529,8604.5,84.1,65.5,10.6,2025,1,Jan,-1075.5,1075.5,0,87.5,Below Target,Critical Underperformance,Moderate Availability,Poor Utilisation,High Downtime,Needs Investigation,Low Equipment Utilisation,High Risk
2025-01-22,Mankokobi Coal Mine,South Pit,7363.9,6840.6,89.4,78.1,11,2025,1,Jan,523.3,0,523.3,107.65,Target Achieved,Target Achieved,Moderate Availability,Moderate Utilisation,High Downtime,Needs Investigation,No Production Shortfall,Medium Risk
2025-01-23,Mankokobi Coal Mine,Central Pit,8219.4,8623.7,93.9,65.5,6.6,2025,1,Jan,-404.3,404.3,0,95.31,Below Target,Slightly Below Target,Good Availability,Poor Utilisation,Moderate Downtime,Available but Underutilised,Low Equipment Utilisation,High Risk
2025-01-23,Mankokobi Coal Mine,North Pit,8467.4,8670.9,86.3,80.3,12.2,2025,1,Jan,-203.5,203.5,0,97.65,Below Target,Slightly Below Target,Moderate Availability,Moderate Utilisation,High Downtime,Needs Investigation,Further Investigation Required,High Risk
2025-01-23,Mankokobi Coal Mine,South Pit,7950.5,7564.3,92.4,82.4,4.4,2025,1,Jan,386.2,0,386.2,105.11,Target Achieved,Target Achieved,Good Availability,Moderate Utilisation,Low Downtime,Needs Investigation,No Production Shortfall,Low Risk
2025-01-24,Mankokobi Coal Mine,Central Pit,6907,7373.6,86.2,80.9,9.2,2025,1,Jan,-466.6,466.6,0,93.67,Below Target,Underperforming,Moderate Availability,Moderate Utilisation,Moderate Downtime,Needs Investigation,Further Investigation Required,Medium Risk
2025-01-24,Mankokobi Coal Mine,North Pit,9269,8043.7,88,63.4,11.6,2025,1,Jan,1225.3,0,1225.3,115.23,Target Achieved,Target Achieved,Moderate Availability,Poor Utilisation,High Downtime,Needs Investigation,No Production Shortfall,High Risk
2025-01-24,Mankokobi Coal Mine,South Pit,7324.3,6839.6,89.1,81.9,4.3,2025,1,Jan,484.7,0,484.7,107.09,Target Achieved,Target Achieved,Moderate Availability,Moderate Utilisation,Low Downtime,Needs Investigation,No Production Shortfall,Low Risk
2025-01-25,Mankokobi Coal Mine,Central Pit,6795.9,6822.7,96.6,75.9,7.8,2025,1,Jan,-26.8,26.8,0,99.61,Below Target,Slightly Below Target,Good Availability,Moderate Utilisation,Moderate Downtime,Needs Investigation,Further Investigation Required,Medium Risk
2025-01-25,Mankokobi Coal Mine,North Pit,7430.7,7705.8,80.3,73,10.6,2025,1,Jan,-275.1,275.1,0,96.43,Below Target,Slightly Below Target,Moderate Availability,Poor Utilisation,High Downtime,Needs Investigation,Low Equipment Utilisation,Medium Risk
2025-01-25,Mankokobi Coal Mine,South Pit,8102.1,7192.2,83.5,81.6,12.3,2025,1,Jan,909.9,0,909.9,112.65,Target Achieved,Target Achieved,Moderate Availability,Moderate Utilisation,High Downtime,Needs Investigation,No Production Shortfall,High Risk
2025-01-26,Mankokobi Coal Mine,Central Pit,7229,7867.5,88.1,78.7,12.3,2025,1,Jan,-638.5,638.5,0,91.88,Below Target,Underperforming,Moderate Availability,Moderate Utilisation,High Downtime,Needs Investigation,Further Investigation Required,High Risk
2025-01-26,Mankokobi Coal Mine,North Pit,7929.3,7712.8,83.4,75.6,12.3,2025,1,Jan,216.5,0,216.5,102.81,Target Achieved,Target Achieved,Moderate Availability,Moderate Utilisation,High Downtime,Needs Investigation,No Production Shortfall,High Risk
2025-01-26,Mankokobi Coal Mine,South Pit,9412.2,8095.6,90.2,75,9.2,2025,1,Jan,1316.6,0,1316.6,116.26,Target Achieved,Target Achieved,Good Availability,Moderate Utilisation,Moderate Downtime,Needs Investigation,No Production Shortfall,Medium Risk
2025-01-27,Mankokobi Coal Mine,Central Pit,6302.5,7697.8,80.5,85.2,4.3,2025,1,Jan,-1395.3,1395.3,0,81.87,Below Target,Critical Underperformance,Moderate Availability,Good Utilisation,Low Downtime,Needs Investigation,Further Investigation Required,Low Risk
2025-01-27,Mankokobi Coal Mine,North Pit,8049.6,8785.1,89,93.3,6.1,2025,1,Jan,-735.5,735.5,0,91.63,Below Target,Underperforming,Moderate Availability,Good Utilisation,Moderate Downtime,Needs Investigation,Further Investigation Required,Low Risk
2025-01-27,Mankokobi Coal Mine,South Pit,6809.1,7211.9,98,84.7,9.8,2025,1,Jan,-402.8,402.8,0,94.41,Below Target,Underperforming,Good Availability,Moderate Utilisation,Moderate Downtime,Needs Investigation,Further Investigation Required,Medium Risk
2025-01-28,Mankokobi Coal Mine,Central Pit,9249.9,8319.2,85.4,66,12.3,2025,1,Jan,930.7,0,930.7,111.19,Target Achieved,Target Achieved,Moderate Availability,Poor Utilisation,High Downtime,Needs Investigation,No Production Shortfall,High Risk
2025-01-28,Mankokobi Coal Mine,North Pit,8590.8,8731.7,96.1,82.9,11.4,2025,1,Jan,-140.9,140.9,0,98.39,Below Target,Slightly Below Target,Good Availability,Moderate Utilisation,High Downtime,Needs Investigation,Further Investigation Required,Medium Risk
2025-01-28,Mankokobi Coal Mine,South Pit,6526.4,7186.8,89.5,60.8,6.1,2025,1,Jan,-660.4,660.4,0,90.81,Below Target,Underperforming,Moderate Availability,Poor Utilisation,Moderate Downtime,Needs Investigation,Low Equipment Utilisation,High Risk
2025-01-29,Mankokobi Coal Mine,Central Pit,8109.3,7151.3,90.9,85.4,6.8,2025,1,Jan,958,0,958,113.4,Target Achieved,Target Achieved,Good Availability,Good Utilisation,Moderate Downtime,Effective,No Production Shortfall,Low Risk
2025-01-29,Mankokobi Coal Mine,North Pit,8795.1,8398.7,88.3,74.8,7.7,2025,1,Jan,396.4,0,396.4,104.72,Target Achieved,Target Achieved,Moderate Availability,Poor Utilisation,Moderate Downtime,Needs Investigation,No Production Shortfall,Medium Risk
2025-01-29,Mankokobi Coal Mine,South Pit,7197.9,7218.3,83.9,88.9,8.3,2025,1,Jan,-20.4,20.4,0,99.72,Below Target,Slightly Below Target,Moderate Availability,Good Utilisation,Moderate Downtime,Needs Investigation,Further Investigation Required,Medium Risk
2025-01-30,Mankokobi Coal Mine,Central Pit,8562.3,8085.2,95.5,71.2,4.8,2025,1,Jan,477.1,0,477.1,105.9,Target Achieved,Target Achieved,Good Availability,Poor Utilisation,Low Downtime,Available but Underutilised,No Production Shortfall,Medium Risk
2025-01-30,Mankokobi Coal Mine,North Pit,8566,8480.8,94.3,85.2,7.2,2025,1,Jan,85.2,0,85.2,101,Target Achieved,Target Achieved,Good Availability,Good Utilisation,Moderate Downtime,Effective,No Production Shortfall,Low Risk
2025-01-30,Mankokobi Coal Mine,South Pit,6167.4,6272.2,95.9,84.2,6.7,2025,1,Jan,-104.8,104.8,0,98.33,Below Target,Slightly Below Target,Good Availability,Moderate Utilisation,Moderate Downtime,Needs Investigation,Further Investigation Required,Low Risk
2025-01-31,Mankokobi Coal Mine,Central Pit,6539,7786.5,92.4,76,12.4,2025,1,Jan,-1247.5,1247.5,0,83.98,Below Target,Critical Underperformance,Good Availability,Moderate Utilisation,High Downtime,Needs Investigation,Further Investigation Required,High Risk
2025-01-31,Mankokobi Coal Mine,North Pit,7857.8,9101.8,88.4,89.4,11.4,2025,1,Jan,-1244,1244,0,86.33,Below Target,Critical Underperformance,Moderate Availability,Good Utilisation,High Downtime,Needs Investigation,Further Investigation Required,Medium Risk
2025-01-31,Mankokobi Coal Mine,South Pit,6433,6121.5,87.5,68.9,4.3,2025,1,Jan,311.5,0,311.5,105.09,Target Achieved,Target Achieved,Moderate Availability,Poor Utilisation,Low Downtime,Needs Investigation,No Production Shortfall,High Risk
2025-02-01,Mankokobi Coal Mine,Central Pit,6748.6,7343.7,90.8,74.3,5.2,2025,2,Feb,-595.1,595.1,0,91.9,Below Target,Underperforming,Good Availability,Poor Utilisation,Low Downtime,Available but Underutilised,Low Equipment Utilisation,Medium Risk
2025-02-01,Mankokobi Coal Mine,North Pit,7630.3,7906.1,90.7,83.2,7.9,2025,2,Feb,-275.8,275.8,0,96.51,Below Target,Slightly Below Target,Good Availability,Moderate Utilisation,Moderate Downtime,Needs Investigation,Further Investigation Required,Low Risk
2025-02-01,Mankokobi Coal Mine,South Pit,5003.1,6418.3,86.9,78.4,9.8,2025,2,Feb,-1415.2,1415.2,0,77.95,Below Target,Critical Underperformance,Moderate Availability,Moderate Utilisation,Moderate Downtime,Needs Investigation,Further Investigation Required,Medium Risk
2025-02-02,Mankokobi Coal Mine,Central Pit,6562.5,7464.1,91.2,74.2,8,2025,2,Feb,-901.6,901.6,0,87.92,Below Target,Critical Underperformance,Good Availability,Poor Utilisation,Moderate Downtime,Available but Underutilised,Low Equipment Utilisation,Medium Risk
2025-02-02,Mankokobi Coal Mine,North Pit,7857.5,8097.2,89.2,77.2,10.9,2025,2,Feb,-239.7,239.7,0,97.04,Below Target,Slightly Below Target,Moderate Availability,Moderate Utilisation,High Downtime,Needs Investigation,Further Investigation Required,Medium Risk
2025-02-02,Mankokobi Coal Mine,South Pit,6210.6,6385.4,95.5,89.5,3.9,2025,2,Feb,-174.8,174.8,0,97.26,Below Target,Slightly Below Target,Good Availability,Good Utilisation,Low Downtime,Effective,Non-Equipment Constraint,Low Risk
2025-02-03,Mankokobi Coal Mine,Central Pit,7784.2,7750.8,82.7,66.8,6,2025,2,Feb,33.4,0,33.4,100.43,Target Achieved,Target Achieved,Moderate Availability,Poor Utilisation,Moderate Downtime,Needs Investigation,No Production Shortfall,High Risk
2025-02-03,Mankokobi Coal Mine,North Pit,9474.2,8820.2,82.6,78.2,8.4,2025,2,Feb,654,0,654,107.41,Target Achieved,Target Achieved,Moderate Availability,Moderate Utilisation,Moderate Downtime,Needs Investigation,No Production Shortfall,Medium Risk
2025-02-03,Mankokobi Coal Mine,South Pit,6510.4,7004.2,87.7,70.6,6.5,2025,2,Feb,-493.8,493.8,0,92.95,Below Target,Underperforming,Moderate Availability,Poor Utilisation,Moderate Downtime,Needs Investigation,Low Equipment Utilisation,Medium Risk
2025-02-04,Mankokobi Coal Mine,Central Pit,10162.4,8914.1,93.6,74.9,4.7,2025,2,Feb,1248.3,0,1248.3,114,Target Achieved,Target Achieved,Good Availability,Poor Utilisation,Low Downtime,Available but Underutilised,No Production Shortfall,Medium Risk
2025-02-04,Mankokobi Coal Mine,North Pit,10410.6,9213.1,92.8,77.9,4.4,2025,2,Feb,1197.5,0,1197.5,113,Target Achieved,Target Achieved,Good Availability,Moderate Utilisation,Low Downtime,Needs Investigation,No Production Shortfall,Medium Risk
2025-02-04,Mankokobi Coal Mine,South Pit,7748.7,6690.3,80.4,84.5,6.8,2025,2,Feb,1058.4,0,1058.4,115.82,Target Achieved,Target Achieved,Moderate Availability,Moderate Utilisation,Moderate Downtime,Needs Investigation,No Production Shortfall,Low Risk
2025-02-05,Mankokobi Coal Mine,Central Pit,6831.6,7519.4,85.3,73.9,5.2,2025,2,Feb,-687.8,687.8,0,90.85,Below Target,Underperforming,Moderate Availability,Poor Utilisation,Low Downtime,Needs Investigation,Low Equipment Utilisation,Medium Risk
2025-02-05,Mankokobi Coal Mine,North Pit,8184,8451,88.7,75.5,5,2025,2,Feb,-267,267,0,96.84,Below Target,Slightly Below Target,Moderate Availability,Moderate Utilisation,Low Downtime,Needs Investigation,Further Investigation Required,Medium Risk
2025-02-05,Mankokobi Coal Mine,South Pit,5851.6,5941.4,91.8,80.7,11.4,2025,2,Feb,-89.8,89.8,0,98.49,Below Target,Slightly Below Target,Good Availability,Moderate Utilisation,High Downtime,Needs Investigation,Further Investigation Required,Medium Risk
2025-02-06,Mankokobi Coal Mine,Central Pit,8125.9,8772.8,96.9,84.5,5.3,2025,2,Feb,-646.9,646.9,0,92.63,Below Target,Underperforming,Good Availability,Moderate Utilisation,Low Downtime,Needs Investigation,Further Investigation Required,Low Risk
2025-02-06,Mankokobi Coal Mine,North Pit,7383,8176.6,92.2,81.5,12,2025,2,Feb,-793.6,793.6,0,90.29,Below Target,Underperforming,Good Availability,Moderate Utilisation,High Downtime,Needs Investigation,Further Investigation Required,Medium Risk
2025-02-06,Mankokobi Coal Mine,South Pit,6660.1,6751.5,78.1,66.6,5.7,2025,2,Feb,-91.4,91.4,0,98.65,Below Target,Slightly Below Target,Poor Availability,Poor Utilisation,Low Downtime,Availability Constraint,Low Equipment Availability,High Risk
2025-02-07,Mankokobi Coal Mine,Central Pit,7187.7,7529,88.3,72,4.2,2025,2,Feb,-341.3,341.3,0,95.47,Below Target,Slightly Below Target,Moderate Availability,Poor Utilisation,Low Downtime,Needs Investigation,Low Equipment Utilisation,Medium Risk
2025-02-07,Mankokobi Coal Mine,North Pit,7881,7742.7,92.4,70,7.9,2025,2,Feb,138.3,0,138.3,101.79,Target Achieved,Target Achieved,Good Availability,Poor Utilisation,Moderate Downtime,Available but Underutilised,No Production Shortfall,Medium Risk
2025-02-07,Mankokobi Coal Mine,South Pit,7268.9,6830.8,92.2,85.7,9,2025,2,Feb,438.1,0,438.1,106.41,Target Achieved,Target Achieved,Good Availability,Good Utilisation,Moderate Downtime,Effective,No Production Shortfall,Medium Risk
2025-02-08,Mankokobi Coal Mine,Central Pit,8986.4,7915.1,88.5,81.4,11.2,2025,2,Feb,1071.3,0,1071.3,113.53,Target Achieved,Target Achieved,Moderate Availability,Moderate Utilisation,High Downtime,Needs Investigation,No Production Shortfall,Medium Risk
2025-02-08,Mankokobi Coal Mine,North Pit,7072.9,7308.2,83.6,82,11.1,2025,2,Feb,-235.3,235.3,0,96.78,Below Target,Slightly Below Target,Moderate Availability,Moderate Utilisation,High Downtime,Needs Investigation,Further Investigation Required,Medium Risk
2025-02-08,Mankokobi Coal Mine,South Pit,6895.9,7271.3,85.7,74.6,5.1,2025,2,Feb,-375.4,375.4,0,94.84,Below Target,Underperforming,Moderate Availability,Poor Utilisation,Low Downtime,Needs Investigation,Low Equipment Utilisation,Medium Risk
2025-02-09,Mankokobi Coal Mine,Central Pit,7522.6,8399.2,85.8,63.7,7.8,2025,2,Feb,-876.6,876.6,0,89.56,Below Target,Critical Underperformance,Moderate Availability,Poor Utilisation,Moderate Downtime,Needs Investigation,Low Equipment Utilisation,High Risk
2025-02-09,Mankokobi Coal Mine,North Pit,8952.3,8712.9,93.7,62.5,11.5,2025,2,Feb,239.4,0,239.4,102.75,Target Achieved,Target Achieved,Good Availability,Poor Utilisation,High Downtime,Available but Underutilised,No Production Shortfall,High Risk
2025-02-09,Mankokobi Coal Mine,South Pit,7513.6,7607.5,83.4,66.9,11.7,2025,2,Feb,-93.9,93.9,0,98.77,Below Target,Slightly Below Target,Moderate Availability,Poor Utilisation,High Downtime,Needs Investigation,Low Equipment Utilisation,High Risk
2025-02-10,Mankokobi Coal Mine,Central Pit,7569.5,7923.2,91.1,71.9,10.7,2025,2,Feb,-353.7,353.7,0,95.54,Below Target,Slightly Below Target,Good Availability,Poor Utilisation,High Downtime,Available but Underutilised,Low Equipment Utilisation,Medium Risk
2025-02-10,Mankokobi Coal Mine,North Pit,9298,8851.3,75.8,79.6,5.7,2025,2,Feb,446.7,0,446.7,105.05,Target Achieved,Target Achieved,Poor Availability,Moderate Utilisation,Low Downtime,Availability Constraint,No Production Shortfall,Medium Risk
2025-02-10,Mankokobi Coal Mine,South Pit,7570,7417.8,98,79.3,5,2025,2,Feb,152.2,0,152.2,102.05,Target Achieved,Target Achieved,Good Availability,Moderate Utilisation,Low Downtime,Needs Investigation,No Production Shortfall,Medium Risk
2025-02-11,Mankokobi Coal Mine,Central Pit,7483.1,8333.8,85.2,76.1,10.8,2025,2,Feb,-850.7,850.7,0,89.79,Below Target,Critical Underperformance,Moderate Availability,Moderate Utilisation,High Downtime,Needs Investigation,Further Investigation Required,Medium Risk
2025-02-11,Mankokobi Coal Mine,North Pit,8147.8,7963.9,83.5,88.6,11.5,2025,2,Feb,183.9,0,183.9,102.31,Target Achieved,Target Achieved,Moderate Availability,Good Utilisation,High Downtime,Needs Investigation,No Production Shortfall,Medium Risk
2025-02-11,Mankokobi Coal Mine,South Pit,7460.5,6929.6,85,84.7,9.4,2025,2,Feb,530.9,0,530.9,107.66,Target Achieved,Target Achieved,Moderate Availability,Moderate Utilisation,Moderate Downtime,Needs Investigation,No Production Shortfall,Medium Risk
2025-02-12,Mankokobi Coal Mine,Central Pit,6182.6,7935.6,92.6,71.8,12.1,2025,2,Feb,-1753,1753,0,77.91,Below Target,Critical Underperformance,Good Availability,Poor Utilisation,High Downtime,Available but Underutilised,Low Equipment Utilisation,High Risk
2025-02-12,Mankokobi Coal Mine,North Pit,7648.9,8668.8,98,72.6,5.2,2025,2,Feb,-1019.9,1019.9,0,88.23,Below Target,Critical Underperformance,Good Availability,Poor Utilisation,Low Downtime,Available but Underutilised,Low Equipment Utilisation,Medium Risk
2025-02-12,Mankokobi Coal Mine,South Pit,7239.6,7262.9,81.8,95,3.8,2025,2,Feb,-23.3,23.3,0,99.68,Below Target,Slightly Below Target,Moderate Availability,Good Utilisation,Low Downtime,Needs Investigation,Further Investigation Required,Low Risk
2025-02-13,Mankokobi Coal Mine,Central Pit,8285.5,8737.1,95.4,89.2,12,2025,2,Feb,-451.6,451.6,0,94.83,Below Target,Underperforming,Good Availability,Good Utilisation,High Downtime,Effective,Non-Equipment Constraint,Medium Risk
2025-02-13,Mankokobi Coal Mine,North Pit,9618.6,9311.2,91.2,79.5,5,2025,2,Feb,307.4,0,307.4,103.3,Target Achieved,Target Achieved,Good Availability,Moderate Utilisation,Low Downtime,Needs Investigation,No Production Shortfall,Medium Risk
2025-02-13,Mankokobi Coal Mine,South Pit,7388.8,7095,92.3,95,7.2,2025,2,Feb,293.8,0,293.8,104.14,Target Achieved,Target Achieved,Good Availability,Good Utilisation,Moderate Downtime,Effective,No Production Shortfall,Low Risk
2025-02-14,Mankokobi Coal Mine,Central Pit,7115.5,7758.7,91.5,86.9,7.7,2025,2,Feb,-643.2,643.2,0,91.71,Below Target,Underperforming,Good Availability,Good Utilisation,Moderate Downtime,Effective,Non-Equipment Constraint,Low Risk
2025-02-14,Mankokobi Coal Mine,North Pit,7035.7,8413.2,85.7,70.9,8.4,2025,2,Feb,-1377.5,1377.5,0,83.63,Below Target,Critical Underperformance,Moderate Availability,Poor Utilisation,Moderate Downtime,Needs Investigation,Low Equipment Utilisation,Medium Risk
2025-02-14,Mankokobi Coal Mine,South Pit,6729,7020.4,79.7,76.3,9.9,2025,2,Feb,-291.4,291.4,0,95.85,Below Target,Slightly Below Target,Poor Availability,Moderate Utilisation,Moderate Downtime,Availability Constraint,Low Equipment Availability,Medium Risk
2025-02-15,Mankokobi Coal Mine,Central Pit,7671.4,7745.1,81.9,95,4.2,2025,2,Feb,-73.7,73.7,0,99.05,Below Target,Slightly Below Target,Moderate Availability,Good Utilisation,Low Downtime,Needs Investigation,Further Investigation Required,Low Risk
2025-02-15,Mankokobi Coal Mine,North Pit,7268.9,8866.7,87.1,85.6,9.3,2025,2,Feb,-1597.8,1597.8,0,81.98,Below Target,Critical Underperformance,Moderate Availability,Good Utilisation,Moderate Downtime,Needs Investigation,Further Investigation Required,Medium Risk
2025-02-15,Mankokobi Coal Mine,South Pit,6827.9,6780.8,91.7,77.2,5.3,2025,2,Feb,47.1,0,47.1,100.69,Target Achieved,Target Achieved,Good Availability,Moderate Utilisation,Low Downtime,Needs Investigation,No Production Shortfall,Medium Risk
2025-02-16,Mankokobi Coal Mine,Central Pit,7378.8,8522.5,73.4,63.5,10.6,2025,2,Feb,-1143.7,1143.7,0,86.58,Below Target,Critical Underperformance,Poor Availability,Poor Utilisation,High Downtime,Availability Constraint,High Downtime / Low Availability,High Risk
2025-02-16,Mankokobi Coal Mine,North Pit,8457.8,8481.4,85,73,10.6,2025,2,Feb,-23.6,23.6,0,99.72,Below Target,Slightly Below Target,Moderate Availability,Poor Utilisation,High Downtime,Needs Investigation,Low Equipment Utilisation,Medium Risk
2025-02-16,Mankokobi Coal Mine,South Pit,6408.9,6989.9,86,68.1,9.4,2025,2,Feb,-581,581,0,91.69,Below Target,Underperforming,Moderate Availability,Poor Utilisation,Moderate Downtime,Needs Investigation,Low Equipment Utilisation,High Risk
2025-02-17,Mankokobi Coal Mine,Central Pit,8460.1,8216.2,81.8,74.3,9.5,2025,2,Feb,243.9,0,243.9,102.97,Target Achieved,Target Achieved,Moderate Availability,Poor Utilisation,Moderate Downtime,Needs Investigation,No Production Shortfall,Medium Risk
2025-02-17,Mankokobi Coal Mine,North Pit,7654,8332.7,87.6,81.4,9.5,2025,2,Feb,-678.7,678.7,0,91.86,Below Target,Underperforming,Moderate Availability,Moderate Utilisation,Moderate Downtime,Needs Investigation,Further Investigation Required,Medium Risk
2025-02-17,Mankokobi Coal Mine,South Pit,6308.8,6990.1,86.7,83.7,11.3,2025,2,Feb,-681.3,681.3,0,90.25,Below Target,Underperforming,Moderate Availability,Moderate Utilisation,High Downtime,Needs Investigation,Further Investigation Required,Medium Risk
2025-02-18,Mankokobi Coal Mine,Central Pit,6548.7,7104.4,97.7,69.3,7,2025,2,Feb,-555.7,555.7,0,92.18,Below Target,Underperforming,Good Availability,Poor Utilisation,Moderate Downtime,Available but Underutilised,Low Equipment Utilisation,High Risk
2025-02-18,Mankokobi Coal Mine,North Pit,8767.9,8337.8,94.4,70.4,6.2,2025,2,Feb,430.1,0,430.1,105.16,Target Achieved,Target Achieved,Good Availability,Poor Utilisation,Moderate Downtime,Available but Underutilised,No Production Shortfall,Medium Risk
2025-02-18,Mankokobi Coal Mine,South Pit,7421.1,6431.1,91.3,69,8.6,2025,2,Feb,990,0,990,115.39,Target Achieved,Target Achieved,Good Availability,Poor Utilisation,Moderate Downtime,Available but Underutilised,No Production Shortfall,High Risk
2025-02-19,Mankokobi Coal Mine,Central Pit,6425.7,7718.3,87.7,80.2,9.3,2025,2,Feb,-1292.6,1292.6,0,83.25,Below Target,Critical Underperformance,Moderate Availability,Moderate Utilisation,Moderate Downtime,Needs Investigation,Further Investigation Required,Medium Risk
2025-02-19,Mankokobi Coal Mine,North Pit,7573.7,7691.9,85,84.8,10.8,2025,2,Feb,-118.2,118.2,0,98.46,Below Target,Slightly Below Target,Moderate Availability,Moderate Utilisation,High Downtime,Needs Investigation,Further Investigation Required,Medium Risk
2025-02-19,Mankokobi Coal Mine,South Pit,6851.8,6870.7,85.7,69,6.1,2025,2,Feb,-18.9,18.9,0,99.72,Below Target,Slightly Below Target,Moderate Availability,Poor Utilisation,Moderate Downtime,Needs Investigation,Low Equipment Utilisation,High Risk
2025-02-20,Mankokobi Coal Mine,Central Pit,8721.2,7673.1,90.9,89.3,9.6,2025,2,Feb,1048.1,0,1048.1,113.66,Target Achieved,Target Achieved,Good Availability,Good Utilisation,Moderate Downtime,Effective,No Production Shortfall,Medium Risk
2025-02-20,Mankokobi Coal Mine,North Pit,7143,8607,82.6,80.9,9.5,2025,2,Feb,-1464,1464,0,82.99,Below Target,Critical Underperformance,Moderate Availability,Moderate Utilisation,Moderate Downtime,Needs Investigation,Further Investigation Required,Medium Risk
2025-02-20,Mankokobi Coal Mine,South Pit,6221.4,6305.2,81,73.6,5.1,2025,2,Feb,-83.8,83.8,0,98.67,Below Target,Slightly Below Target,Moderate Availability,Poor Utilisation,Low Downtime,Needs Investigation,Low Equipment Utilisation,Medium Risk
2025-02-21,Mankokobi Coal Mine,Central Pit,8063.7,7464.8,80.6,71.2,8.7,2025,2,Feb,598.9,0,598.9,108.02,Target Achieved,Target Achieved,Moderate Availability,Poor Utilisation,Moderate Downtime,Needs Investigation,No Production Shortfall,Medium Risk
2025-02-21,Mankokobi Coal Mine,North Pit,8725.3,8357.2,89.1,68,7.1,2025,2,Feb,368.1,0,368.1,104.4,Target Achieved,Target Achieved,Moderate Availability,Poor Utilisation,Moderate Downtime,Needs Investigation,No Production Shortfall,High Risk
2025-02-21,Mankokobi Coal Mine,South Pit,8182.3,8142.3,86.3,78.7,5.5,2025,2,Feb,40,0,40,100.49,Target Achieved,Target Achieved,Moderate Availability,Moderate Utilisation,Low Downtime,Needs Investigation,No Production Shortfall,Medium Risk
2025-02-22,Mankokobi Coal Mine,Central Pit,7426.7,7735.8,89.3,79.3,8.1,2025,2,Feb,-309.1,309.1,0,96,Below Target,Slightly Below Target,Moderate Availability,Moderate Utilisation,Moderate Downtime,Needs Investigation,Further Investigation Required,Medium Risk
2025-02-22,Mankokobi Coal Mine,North Pit,8102.1,8255,88.7,95,6.6,2025,2,Feb,-152.9,152.9,0,98.15,Below Target,Slightly Below Target,Moderate Availability,Good Utilisation,Moderate Downtime,Needs Investigation,Further Investigation Required,Low Risk
2025-02-22,Mankokobi Coal Mine,South Pit,6504.4,6879.6,98,83,10.8,2025,2,Feb,-375.2,375.2,0,94.55,Below Target,Underperforming,Good Availability,Moderate Utilisation,High Downtime,Needs Investigation,Further Investigation Required,Medium Risk
2025-02-23,Mankokobi Coal Mine,Central Pit,6842.5,7869.7,91.4,79.2,11.5,2025,2,Feb,-1027.2,1027.2,0,86.95,Below Target,Critical Underperformance,Good Availability,Moderate Utilisation,High Downtime,Needs Investigation,Further Investigation Required,Medium Risk
2025-02-23,Mankokobi Coal Mine,North Pit,8815.4,8019.4,93.1,65.7,4.4,2025,2,Feb,796,0,796,109.93,Target Achieved,Target Achieved,Good Availability,Poor Utilisation,Low Downtime,Available but Underutilised,No Production Shortfall,High Risk
2025-02-23,Mankokobi Coal Mine,South Pit,8240.8,7558.7,91.4,87,11.2,2025,2,Feb,682.1,0,682.1,109.02,Target Achieved,Target Achieved,Good Availability,Good Utilisation,High Downtime,Effective,No Production Shortfall,Medium Risk
2025-02-24,Mankokobi Coal Mine,Central Pit,8049.2,8291.6,88.7,81.1,12.3,2025,2,Feb,-242.4,242.4,0,97.08,Below Target,Slightly Below Target,Moderate Availability,Moderate Utilisation,High Downtime,Needs Investigation,Further Investigation Required,High Risk
2025-02-24,Mankokobi Coal Mine,North Pit,8513.8,8499.9,78.9,81,6.4,2025,2,Feb,13.9,0,13.9,100.16,Target Achieved,Target Achieved,Poor Availability,Moderate Utilisation,Moderate Downtime,Availability Constraint,No Production Shortfall,Low Risk
2025-02-24,Mankokobi Coal Mine,South Pit,7128.8,7161.5,91.7,78.2,6.5,2025,2,Feb,-32.7,32.7,0,99.54,Below Target,Slightly Below Target,Good Availability,Moderate Utilisation,Moderate Downtime,Needs Investigation,Further Investigation Required,Medium Risk
2025-02-25,Mankokobi Coal Mine,Central Pit,7871,7824.6,85.6,88.1,6.5,2025,2,Feb,46.4,0,46.4,100.59,Target Achieved,Target Achieved,Moderate Availability,Good Utilisation,Moderate Downtime,Needs Investigation,No Production Shortfall,Low Risk
2025-02-25,Mankokobi Coal Mine,North Pit,8741.5,7878.5,90.8,70.7,10.1,2025,2,Feb,863,0,863,110.95,Target Achieved,Target Achieved,Good Availability,Poor Utilisation,High Downtime,Available but Underutilised,No Production Shortfall,Medium Risk
2025-02-25,Mankokobi Coal Mine,South Pit,7930.2,7589.9,89.6,68.6,3.8,2025,2,Feb,340.3,0,340.3,104.48,Target Achieved,Target Achieved,Moderate Availability,Poor Utilisation,Low Downtime,Needs Investigation,No Production Shortfall,High Risk
2025-02-26,Mankokobi Coal Mine,Central Pit,6923,8347,89.7,66.2,10.2,2025,2,Feb,-1424,1424,0,82.94,Below Target,Critical Underperformance,Moderate Availability,Poor Utilisation,High Downtime,Needs Investigation,Low Equipment Utilisation,High Risk
2025-02-26,Mankokobi Coal Mine,North Pit,9646.3,8579.3,93.9,74.4,7.9,2025,2,Feb,1067,0,1067,112.44,Target Achieved,Target Achieved,Good Availability,Poor Utilisation,Moderate Downtime,Available but Underutilised,No Production Shortfall,Medium Risk
2025-02-26,Mankokobi Coal Mine,South Pit,6321,6989.8,86.5,68.6,6.3,2025,2,Feb,-668.8,668.8,0,90.43,Below Target,Underperforming,Moderate Availability,Poor Utilisation,Moderate Downtime,Needs Investigation,Low Equipment Utilisation,High Risk
2025-02-27,Mankokobi Coal Mine,Central Pit,8806.7,8381,86.8,77.7,9.1,2025,2,Feb,425.7,0,425.7,105.08,Target Achieved,Target Achieved,Moderate Availability,Moderate Utilisation,Moderate Downtime,Needs Investigation,No Production Shortfall,Medium Risk
2025-02-27,Mankokobi Coal Mine,North Pit,7996.9,7637.9,81.4,70.5,12.1,2025,2,Feb,359,0,359,104.7,Target Achieved,Target Achieved,Moderate Availability,Poor Utilisation,High Downtime,Needs Investigation,No Production Shortfall,High Risk
2025-02-27,Mankokobi Coal Mine,South Pit,7764.7,7737.3,96.9,67,5.2,2025,2,Feb,27.4,0,27.4,100.35,Target Achieved,Target Achieved,Good Availability,Poor Utilisation,Low Downtime,Available but Underutilised,No Production Shortfall,High Risk
2025-02-28,Mankokobi Coal Mine,Central Pit,8372.1,7747.8,81.5,83.6,5,2025,2,Feb,624.3,0,624.3,108.06,Target Achieved,Target Achieved,Moderate Availability,Moderate Utilisation,Low Downtime,Needs Investigation,No Production Shortfall,Low Risk
2025-02-28,Mankokobi Coal Mine,North Pit,9051.6,8256.1,84.9,73.5,4.1,2025,2,Feb,795.5,0,795.5,109.64,Target Achieved,Target Achieved,Moderate Availability,Poor Utilisation,Low Downtime,Needs Investigation,No Production Shortfall,Medium Risk
2025-02-28,Mankokobi Coal Mine,South Pit,5914.2,6934.1,91.5,79.4,8.9,2025,2,Feb,-1019.9,1019.9,0,85.29,Below Target,Critical Underperformance,Good Availability,Moderate Utilisation,Moderate Downtime,Needs Investigation,Further Investigation Required,Medium Risk
2025-03-01,Mankokobi Coal Mine,Central Pit,9479.9,8060.5,89.8,82.6,4.4,2025,3,Mar,1419.4,0,1419.4,117.61,Target Achieved,Target Achieved,Moderate Availability,Moderate Utilisation,Low Downtime,Needs Investigation,No Production Shortfall,Low Risk
2025-03-01,Mankokobi Coal Mine,North Pit,8517.9,8157.8,88.9,75.5,4.8,2025,3,Mar,360.1,0,360.1,104.41,Target Achieved,Target Achieved,Moderate Availability,Moderate Utilisation,Low Downtime,Needs Investigation,No Production Shortfall,Medium Risk
2025-03-01,Mankokobi Coal Mine,South Pit,5722.7,6375.6,81.1,84.2,8.1,2025,3,Mar,-652.9,652.9,0,89.76,Below Target,Critical Underperformance,Moderate Availability,Moderate Utilisation,Moderate Downtime,Needs Investigation,Further Investigation Required,Medium Risk
2025-03-02,Mankokobi Coal Mine,Central Pit,7537,8495.7,89.9,87.3,8.7,2025,3,Mar,-958.7,958.7,0,88.72,Below Target,Critical Underperformance,Moderate Availability,Good Utilisation,Moderate Downtime,Needs Investigation,Further Investigation Required,Medium Risk
2025-03-02,Mankokobi Coal Mine,North Pit,9143.8,8312.6,89.2,77.9,7.9,2025,3,Mar,831.2,0,831.2,110,Target Achieved,Target Achieved,Moderate Availability,Moderate Utilisation,Moderate Downtime,Needs Investigation,No Production Shortfall,Medium Risk
2025-03-02,Mankokobi Coal Mine,South Pit,8145.4,7473.4,86,82.1,11.3,2025,3,Mar,672,0,672,108.99,Target Achieved,Target Achieved,Moderate Availability,Moderate Utilisation,High Downtime,Needs Investigation,No Production Shortfall,Medium Risk
2025-03-03,Mankokobi Coal Mine,Central Pit,8634.1,8582,91.6,76.8,6.6,2025,3,Mar,52.1,0,52.1,100.61,Target Achieved,Target Achieved,Good Availability,Moderate Utilisation,Moderate Downtime,Needs Investigation,No Production Shortfall,Medium Risk
2025-03-03,Mankokobi Coal Mine,North Pit,9378.1,8749.6,91.9,81.5,9.7,2025,3,Mar,628.5,0,628.5,107.18,Target Achieved,Target Achieved,Good Availability,Moderate Utilisation,Moderate Downtime,Needs Investigation,No Production Shortfall,Medium Risk
2025-03-03,Mankokobi Coal Mine,South Pit,7076.1,6878.3,90.7,80.9,8.2,2025,3,Mar,197.8,0,197.8,102.88,Target Achieved,Target Achieved,Good Availability,Moderate Utilisation,Moderate Downtime,Needs Investigation,No Production Shortfall,Medium Risk
2025-03-04,Mankokobi Coal Mine,Central Pit,8239.4,8638.5,89.2,79.9,8.5,2025,3,Mar,-399.1,399.1,0,95.38,Below Target,Slightly Below Target,Moderate Availability,Moderate Utilisation,Moderate Downtime,Needs Investigation,Further Investigation Required,Medium Risk
2025-03-04,Mankokobi Coal Mine,North Pit,9158.7,8652.3,88.3,68.5,9.3,2025,3,Mar,506.4,0,506.4,105.85,Target Achieved,Target Achieved,Moderate Availability,Poor Utilisation,Moderate Downtime,Needs Investigation,No Production Shortfall,High Risk
2025-03-04,Mankokobi Coal Mine,South Pit,7218.5,7160.2,89.5,82.3,4.5,2025,3,Mar,58.3,0,58.3,100.81,Target Achieved,Target Achieved,Moderate Availability,Moderate Utilisation,Low Downtime,Needs Investigation,No Production Shortfall,Low Risk
2025-03-05,Mankokobi Coal Mine,Central Pit,6779.9,8001.5,84.1,86.4,4,2025,3,Mar,-1221.6,1221.6,0,84.73,Below Target,Critical Underperformance,Moderate Availability,Good Utilisation,Low Downtime,Needs Investigation,Further Investigation Required,Low Risk
2025-03-05,Mankokobi Coal Mine,North Pit,8253,8648.2,90.2,76.7,10,2025,3,Mar,-395.2,395.2,0,95.43,Below Target,Slightly Below Target,Good Availability,Moderate Utilisation,High Downtime,Needs Investigation,Further Investigation Required,Medium Risk
2025-03-05,Mankokobi Coal Mine,South Pit,5912.1,7380.3,85.1,77.1,10.5,2025,3,Mar,-1468.2,1468.2,0,80.11,Below Target,Critical Underperformance,Moderate Availability,Moderate Utilisation,High Downtime,Needs Investigation,Further Investigation Required,Medium Risk
2025-03-06,Mankokobi Coal Mine,Central Pit,9194.2,8246.9,93.4,85.9,6.1,2025,3,Mar,947.3,0,947.3,111.49,Target Achieved,Target Achieved,Good Availability,Good Utilisation,Moderate Downtime,Effective,No Production Shortfall,Low Risk
2025-03-06,Mankokobi Coal Mine,North Pit,6596.7,8307.8,98,67.9,5.1,2025,3,Mar,-1711.1,1711.1,0,79.4,Below Target,Critical Underperformance,Good Availability,Poor Utilisation,Low Downtime,Available but Underutilised,Low Equipment Utilisation,High Risk
2025-03-06,Mankokobi Coal Mine,South Pit,6697.9,7516.1,87.5,90.9,7.2,2025,3,Mar,-818.2,818.2,0,89.11,Below Target,Critical Underperformance,Moderate Availability,Good Utilisation,Moderate Downtime,Needs Investigation,Further Investigation Required,Low Risk
2025-03-07,Mankokobi Coal Mine,Central Pit,8085.6,7355.9,95.9,77.4,12.3,2025,3,Mar,729.7,0,729.7,109.92,Target Achieved,Target Achieved,Good Availability,Moderate Utilisation,High Downtime,Needs Investigation,No Production Shortfall,High Risk
2025-03-07,Mankokobi Coal Mine,North Pit,8342.3,8994.2,86.9,73,3.9,2025,3,Mar,-651.9,651.9,0,92.75,Below Target,Underperforming,Moderate Availability,Poor Utilisation,Low Downtime,Needs Investigation,Low Equipment Utilisation,Medium Risk
2025-03-07,Mankokobi Coal Mine,South Pit,7744.2,7339.8,86.7,83,11.2,2025,3,Mar,404.4,0,404.4,105.51,Target Achieved,Target Achieved,Moderate Availability,Moderate Utilisation,High Downtime,Needs Investigation,No Production Shortfall,Medium Risk
2025-03-08,Mankokobi Coal Mine,Central Pit,6865.6,7462.3,87.7,80.6,7.5,2025,3,Mar,-596.7,596.7,0,92,Below Target,Underperforming,Moderate Availability,Moderate Utilisation,Moderate Downtime,Needs Investigation,Further Investigation Required,Low Risk
2025-03-08,Mankokobi Coal Mine,North Pit,9418.3,8877.2,95.3,79.4,10.8,2025,3,Mar,541.1,0,541.1,106.1,Target Achieved,Target Achieved,Good Availability,Moderate Utilisation,High Downtime,Needs Investigation,No Production Shortfall,Medium Risk
2025-03-08,Mankokobi Coal Mine,South Pit,6631.7,7196.5,80.1,78.9,6,2025,3,Mar,-564.8,564.8,0,92.15,Below Target,Underperforming,Moderate Availability,Moderate Utilisation,Moderate Downtime,Needs Investigation,Further Investigation Required,Medium Risk
2025-03-09,Mankokobi Coal Mine,Central Pit,8112.7,7737.1,74.7,66.9,12,2025,3,Mar,375.6,0,375.6,104.85,Target Achieved,Target Achieved,Poor Availability,Poor Utilisation,High Downtime,Availability Constraint,No Production Shortfall,High Risk
2025-03-09,Mankokobi Coal Mine,North Pit,8210.1,8278.9,93.5,76.1,4.3,2025,3,Mar,-68.8,68.8,0,99.17,Below Target,Slightly Below Target,Good Availability,Moderate Utilisation,Low Downtime,Needs Investigation,Further Investigation Required,Medium Risk
2025-03-09,Mankokobi Coal Mine,South Pit,6944,7392.9,90.6,77.8,4.5,2025,3,Mar,-448.9,448.9,0,93.93,Below Target,Underperforming,Good Availability,Moderate Utilisation,Low Downtime,Needs Investigation,Further Investigation Required,Medium Risk
2025-03-10,Mankokobi Coal Mine,Central Pit,7404.4,7539.8,88.2,76.1,4.3,2025,3,Mar,-135.4,135.4,0,98.2,Below Target,Slightly Below Target,Moderate Availability,Moderate Utilisation,Low Downtime,Needs Investigation,Further Investigation Required,Medium Risk
2025-03-10,Mankokobi Coal Mine,North Pit,9136.3,8578.6,81.6,88.5,8.6,2025,3,Mar,557.7,0,557.7,106.5,Target Achieved,Target Achieved,Moderate Availability,Good Utilisation,Moderate Downtime,Needs Investigation,No Production Shortfall,Medium Risk
2025-03-10,Mankokobi Coal Mine,South Pit,7068,6748.4,86.5,90.6,10.8,2025,3,Mar,319.6,0,319.6,104.74,Target Achieved,Target Achieved,Moderate Availability,Good Utilisation,High Downtime,Needs Investigation,No Production Shortfall,Medium Risk
2025-03-11,Mankokobi Coal Mine,Central Pit,8167,7982.9,84.4,82.9,10,2025,3,Mar,184.1,0,184.1,102.31,Target Achieved,Target Achieved,Moderate Availability,Moderate Utilisation,High Downtime,Needs Investigation,No Production Shortfall,Medium Risk
2025-03-11,Mankokobi Coal Mine,North Pit,7638.1,8350.4,85.6,79.9,10,2025,3,Mar,-712.3,712.3,0,91.47,Below Target,Underperforming,Moderate Availability,Moderate Utilisation,High Downtime,Needs Investigation,Further Investigation Required,Medium Risk
2025-03-11,Mankokobi Coal Mine,South Pit,7519.8,6949.2,94,78.8,11,2025,3,Mar,570.6,0,570.6,108.21,Target Achieved,Target Achieved,Good Availability,Moderate Utilisation,High Downtime,Needs Investigation,No Production Shortfall,Medium Risk
2025-03-12,Mankokobi Coal Mine,Central Pit,8151,7471.1,85.1,82.3,8.1,2025,3,Mar,679.9,0,679.9,109.1,Target Achieved,Target Achieved,Moderate Availability,Moderate Utilisation,Moderate Downtime,Needs Investigation,No Production Shortfall,Medium Risk
2025-03-12,Mankokobi Coal Mine,North Pit,9610.6,9563.1,84.2,90.2,4.3,2025,3,Mar,47.5,0,47.5,100.5,Target Achieved,Target Achieved,Moderate Availability,Good Utilisation,Low Downtime,Needs Investigation,No Production Shortfall,Low Risk
2025-03-12,Mankokobi Coal Mine,South Pit,8059.8,8038.2,90.4,78.3,5.4,2025,3,Mar,21.6,0,21.6,100.27,Target Achieved,Target Achieved,Good Availability,Moderate Utilisation,Low Downtime,Needs Investigation,No Production Shortfall,Medium Risk
2025-03-13,Mankokobi Coal Mine,Central Pit,6657.8,7731.6,96.7,69.4,12.5,2025,3,Mar,-1073.8,1073.8,0,86.11,Below Target,Critical Underperformance,Good Availability,Poor Utilisation,High Downtime,Available but Underutilised,Low Equipment Utilisation,High Risk
2025-03-13,Mankokobi Coal Mine,North Pit,8188.3,8351,89.2,85.6,10.1,2025,3,Mar,-162.7,162.7,0,98.05,Below Target,Slightly Below Target,Moderate Availability,Good Utilisation,High Downtime,Needs Investigation,Further Investigation Required,Medium Risk
2025-03-13,Mankokobi Coal Mine,South Pit,7544,6490.2,98,77.3,11.5,2025,3,Mar,1053.8,0,1053.8,116.24,Target Achieved,Target Achieved,Good Availability,Moderate Utilisation,High Downtime,Needs Investigation,No Production Shortfall,Medium Risk
2025-03-14,Mankokobi Coal Mine,Central Pit,8667.6,8212.6,81.1,87.6,4.8,2025,3,Mar,455,0,455,105.54,Target Achieved,Target Achieved,Moderate Availability,Good Utilisation,Low Downtime,Needs Investigation,No Production Shortfall,Low Risk
2025-03-14,Mankokobi Coal Mine,North Pit,7217.3,8508.6,92.9,82.6,11.8,2025,3,Mar,-1291.3,1291.3,0,84.82,Below Target,Critical Underperformance,Good Availability,Moderate Utilisation,High Downtime,Needs Investigation,Further Investigation Required,Medium Risk
2025-03-14,Mankokobi Coal Mine,South Pit,6932.4,7461,89.4,74.1,12.3,2025,3,Mar,-528.6,528.6,0,92.92,Below Target,Underperforming,Moderate Availability,Poor Utilisation,High Downtime,Needs Investigation,Low Equipment Utilisation,High Risk
2025-03-15,Mankokobi Coal Mine,Central Pit,6826.9,8327.2,72.3,86,6.2,2025,3,Mar,-1500.3,1500.3,0,81.98,Below Target,Critical Underperformance,Poor Availability,Good Utilisation,Moderate Downtime,Availability Constraint,Low Equipment Availability,High Risk
2025-03-15,Mankokobi Coal Mine,North Pit,8604.1,8744.7,86.4,66.4,11.4,2025,3,Mar,-140.6,140.6,0,98.39,Below Target,Slightly Below Target,Moderate Availability,Poor Utilisation,High Downtime,Needs Investigation,Low Equipment Utilisation,High Risk
2025-03-15,Mankokobi Coal Mine,South Pit,6481,7406.4,87.5,83.7,6.5,2025,3,Mar,-925.4,925.4,0,87.51,Below Target,Critical Underperformance,Moderate Availability,Moderate Utilisation,Moderate Downtime,Needs Investigation,Further Investigation Required,Low Risk
2025-03-16,Mankokobi Coal Mine,Central Pit,7704.8,6977.1,89.4,76.2,5.8,2025,3,Mar,727.7,0,727.7,110.43,Target Achieved,Target Achieved,Moderate Availability,Moderate Utilisation,Low Downtime,Needs Investigation,No Production Shortfall,Medium Risk
2025-03-16,Mankokobi Coal Mine,North Pit,8667.7,8373.5,89.9,77.7,5.7,2025,3,Mar,294.2,0,294.2,103.51,Target Achieved,Target Achieved,Moderate Availability,Moderate Utilisation,Low Downtime,Needs Investigation,No Production Shortfall,Medium Risk
2025-03-16,Mankokobi Coal Mine,South Pit,7631.5,7939.4,92.7,75.6,3.9,2025,3,Mar,-307.9,307.9,0,96.12,Below Target,Slightly Below Target,Good Availability,Moderate Utilisation,Low Downtime,Needs Investigation,Further Investigation Required,Medium Risk
2025-03-17,Mankokobi Coal Mine,Central Pit,8222.7,8453,89.3,76.2,6,2025,3,Mar,-230.3,230.3,0,97.28,Below Target,Slightly Below Target,Moderate Availability,Moderate Utilisation,Moderate Downtime,Needs Investigation,Further Investigation Required,Medium Risk
2025-03-17,Mankokobi Coal Mine,North Pit,8876.3,8995.5,94.7,86.5,10.9,2025,3,Mar,-119.2,119.2,0,98.67,Below Target,Slightly Below Target,Good Availability,Good Utilisation,High Downtime,Effective,Non-Equipment Constraint,Medium Risk
2025-03-17,Mankokobi Coal Mine,South Pit,6473,7256,84.2,77.1,12,2025,3,Mar,-783,783,0,89.21,Below Target,Critical Underperformance,Moderate Availability,Moderate Utilisation,High Downtime,Needs Investigation,Further Investigation Required,Medium Risk
2025-03-18,Mankokobi Coal Mine,Central Pit,7220.8,6977.4,98,71.9,3.9,2025,3,Mar,243.4,0,243.4,103.49,Target Achieved,Target Achieved,Good Availability,Poor Utilisation,Low Downtime,Available but Underutilised,No Production Shortfall,Medium Risk
2025-03-18,Mankokobi Coal Mine,North Pit,8745.4,8634.8,77,84.4,9.4,2025,3,Mar,110.6,0,110.6,101.28,Target Achieved,Target Achieved,Poor Availability,Moderate Utilisation,Moderate Downtime,Availability Constraint,No Production Shortfall,Medium Risk
2025-03-18,Mankokobi Coal Mine,South Pit,6896.8,7757.5,82.3,82.3,12.3,2025,3,Mar,-860.7,860.7,0,88.9,Below Target,Critical Underperformance,Moderate Availability,Moderate Utilisation,High Downtime,Needs Investigation,Further Investigation Required,High Risk
2025-03-19,Mankokobi Coal Mine,Central Pit,8594.4,8380.8,90.7,79.1,8.1,2025,3,Mar,213.6,0,213.6,102.55,Target Achieved,Target Achieved,Good Availability,Moderate Utilisation,Moderate Downtime,Needs Investigation,No Production Shortfall,Medium Risk
2025-03-19,Mankokobi Coal Mine,North Pit,8485.4,8729.9,84.4,85.5,5.2,2025,3,Mar,-244.5,244.5,0,97.2,Below Target,Slightly Below Target,Moderate Availability,Good Utilisation,Low Downtime,Needs Investigation,Further Investigation Required,Low Risk
2025-03-19,Mankokobi Coal Mine,South Pit,7669.8,7690.5,89.7,74.9,12,2025,3,Mar,-20.7,20.7,0,99.73,Below Target,Slightly Below Target,Moderate Availability,Poor Utilisation,High Downtime,Needs Investigation,Low Equipment Utilisation,Medium Risk
2025-03-20,Mankokobi Coal Mine,Central Pit,7362.8,7607.4,89.6,85,10.6,2025,3,Mar,-244.6,244.6,0,96.78,Below Target,Slightly Below Target,Moderate Availability,Good Utilisation,High Downtime,Needs Investigation,Further Investigation Required,Medium Risk
2025-03-20,Mankokobi Coal Mine,North Pit,8113.3,9122.7,94.5,82.5,7.1,2025,3,Mar,-1009.4,1009.4,0,88.94,Below Target,Critical Underperformance,Good Availability,Moderate Utilisation,Moderate Downtime,Needs Investigation,Further Investigation Required,Low Risk
2025-03-20,Mankokobi Coal Mine,South Pit,8642.4,7999,90.5,76.3,6.5,2025,3,Mar,643.4,0,643.4,108.04,Target Achieved,Target Achieved,Good Availability,Moderate Utilisation,Moderate Downtime,Needs Investigation,No Production Shortfall,Medium Risk
2025-03-21,Mankokobi Coal Mine,Central Pit,7836.9,7902.1,88.7,76.8,6.5,2025,3,Mar,-65.2,65.2,0,99.17,Below Target,Slightly Below Target,Moderate Availability,Moderate Utilisation,Moderate Downtime,Needs Investigation,Further Investigation Required,Medium Risk
2025-03-21,Mankokobi Coal Mine,North Pit,9557.9,9096.6,91.1,83.1,7.5,2025,3,Mar,461.3,0,461.3,105.07,Target Achieved,Target Achieved,Good Availability,Moderate Utilisation,Moderate Downtime,Needs Investigation,No Production Shortfall,Low Risk
2025-03-21,Mankokobi Coal Mine,South Pit,7460.3,6635.2,79,71.8,9.3,2025,3,Mar,825.1,0,825.1,112.44,Target Achieved,Target Achieved,Poor Availability,Poor Utilisation,Moderate Downtime,Availability Constraint,No Production Shortfall,Medium Risk
2025-03-22,Mankokobi Coal Mine,Central Pit,7534.2,6912.2,84.2,78.4,7.9,2025,3,Mar,622,0,622,109,Target Achieved,Target Achieved,Moderate Availability,Moderate Utilisation,Moderate Downtime,Needs Investigation,No Production Shortfall,Medium Risk
2025-03-22,Mankokobi Coal Mine,North Pit,8935.8,8301.9,80.7,89.5,9.2,2025,3,Mar,633.9,0,633.9,107.64,Target Achieved,Target Achieved,Moderate Availability,Good Utilisation,Moderate Downtime,Needs Investigation,No Production Shortfall,Medium Risk
2025-03-22,Mankokobi Coal Mine,South Pit,7934.7,6583.6,79,85.2,11.1,2025,3,Mar,1351.1,0,1351.1,120.52,Target Achieved,Target Achieved,Poor Availability,Good Utilisation,High Downtime,Availability Constraint,No Production Shortfall,Medium Risk
2025-03-23,Mankokobi Coal Mine,Central Pit,7463.5,7619.2,86.5,66.1,6.2,2025,3,Mar,-155.7,155.7,0,97.96,Below Target,Slightly Below Target,Moderate Availability,Poor Utilisation,Moderate Downtime,Needs Investigation,Low Equipment Utilisation,High Risk
2025-03-23,Mankokobi Coal Mine,North Pit,9178.9,8925.9,91.2,76.2,11.9,2025,3,Mar,253,0,253,102.83,Target Achieved,Target Achieved,Good Availability,Moderate Utilisation,High Downtime,Needs Investigation,No Production Shortfall,Medium Risk
2025-03-23,Mankokobi Coal Mine,South Pit,7880,7699.1,84.6,64.6,9.1,2025,3,Mar,180.9,0,180.9,102.35,Target Achieved,Target Achieved,Moderate Availability,Poor Utilisation,Moderate Downtime,Needs Investigation,No Production Shortfall,High Risk
2025-03-24,Mankokobi Coal Mine,Central Pit,7613.2,7518.4,91,90.9,4.6,2025,3,Mar,94.8,0,94.8,101.26,Target Achieved,Target Achieved,Good Availability,Good Utilisation,Low Downtime,Effective,No Production Shortfall,Low Risk
2025-03-24,Mankokobi Coal Mine,North Pit,7919.5,8138.5,93.2,71.1,5.2,2025,3,Mar,-219,219,0,97.31,Below Target,Slightly Below Target,Good Availability,Poor Utilisation,Low Downtime,Available but Underutilised,Low Equipment Utilisation,Medium Risk
2025-03-24,Mankokobi Coal Mine,South Pit,6765,6489.2,90.4,77.9,10.9,2025,3,Mar,275.8,0,275.8,104.25,Target Achieved,Target Achieved,Good Availability,Moderate Utilisation,High Downtime,Needs Investigation,No Production Shortfall,Medium Risk
2025-03-25,Mankokobi Coal Mine,Central Pit,7432.7,8000.1,88.2,73.1,9.1,2025,3,Mar,-567.4,567.4,0,92.91,Below Target,Underperforming,Moderate Availability,Poor Utilisation,Moderate Downtime,Needs Investigation,Low Equipment Utilisation,Medium Risk
2025-03-25,Mankokobi Coal Mine,North Pit,8357.1,8333.4,88.4,81.3,9,2025,3,Mar,23.7,0,23.7,100.28,Target Achieved,Target Achieved,Moderate Availability,Moderate Utilisation,Moderate Downtime,Needs Investigation,No Production Shortfall,Medium Risk
2025-03-25,Mankokobi Coal Mine,South Pit,8232.2,7785.2,86.3,76.1,5.7,2025,3,Mar,447,0,447,105.74,Target Achieved,Target Achieved,Moderate Availability,Moderate Utilisation,Low Downtime,Needs Investigation,No Production Shortfall,Medium Risk
2025-03-26,Mankokobi Coal Mine,Central Pit,7064.6,8090.9,83.7,93.6,5.1,2025,3,Mar,-1026.3,1026.3,0,87.32,Below Target,Critical Underperformance,Moderate Availability,Good Utilisation,Low Downtime,Needs Investigation,Further Investigation Required,Low Risk
2025-03-26,Mankokobi Coal Mine,North Pit,9166.5,8268.3,92.9,75.9,9.6,2025,3,Mar,898.2,0,898.2,110.86,Target Achieved,Target Achieved,Good Availability,Moderate Utilisation,Moderate Downtime,Needs Investigation,No Production Shortfall,Medium Risk
2025-03-26,Mankokobi Coal Mine,South Pit,7388.6,7542.4,90.3,76.7,3.8,2025,3,Mar,-153.8,153.8,0,97.96,Below Target,Slightly Below Target,Good Availability,Moderate Utilisation,Low Downtime,Needs Investigation,Further Investigation Required,Medium Risk
2025-03-27,Mankokobi Coal Mine,Central Pit,9121.4,7936.7,98,72.4,7.5,2025,3,Mar,1184.7,0,1184.7,114.93,Target Achieved,Target Achieved,Good Availability,Poor Utilisation,Moderate Downtime,Available but Underutilised,No Production Shortfall,Medium Risk
2025-03-27,Mankokobi Coal Mine,North Pit,9384.1,9186.8,96.9,67.2,7.1,2025,3,Mar,197.3,0,197.3,102.15,Target Achieved,Target Achieved,Good Availability,Poor Utilisation,Moderate Downtime,Available but Underutilised,No Production Shortfall,High Risk
2025-03-27,Mankokobi Coal Mine,South Pit,7282.7,7704.8,94.1,80.1,8.8,2025,3,Mar,-422.1,422.1,0,94.52,Below Target,Underperforming,Good Availability,Moderate Utilisation,Moderate Downtime,Needs Investigation,Further Investigation Required,Medium Risk
2025-03-28,Mankokobi Coal Mine,Central Pit,7640.4,7701.9,86.9,72.7,10.8,2025,3,Mar,-61.5,61.5,0,99.2,Below Target,Slightly Below Target,Moderate Availability,Poor Utilisation,High Downtime,Needs Investigation,Low Equipment Utilisation,Medium Risk
2025-03-28,Mankokobi Coal Mine,North Pit,7551.5,8429.8,86.9,73.9,5.6,2025,3,Mar,-878.3,878.3,0,89.58,Below Target,Critical Underperformance,Moderate Availability,Poor Utilisation,Low Downtime,Needs Investigation,Low Equipment Utilisation,Medium Risk
2025-03-28,Mankokobi Coal Mine,South Pit,7789.8,7354.5,79.4,80.3,10.3,2025,3,Mar,435.3,0,435.3,105.92,Target Achieved,Target Achieved,Poor Availability,Moderate Utilisation,High Downtime,Availability Constraint,No Production Shortfall,Medium Risk
2025-03-29,Mankokobi Coal Mine,Central Pit,7619.8,7646.3,87.7,81.9,5.2,2025,3,Mar,-26.5,26.5,0,99.65,Below Target,Slightly Below Target,Moderate Availability,Moderate Utilisation,Low Downtime,Needs Investigation,Further Investigation Required,Low Risk
2025-03-29,Mankokobi Coal Mine,North Pit,9363,8055.3,81.2,82.9,10.2,2025,3,Mar,1307.7,0,1307.7,116.23,Target Achieved,Target Achieved,Moderate Availability,Moderate Utilisation,High Downtime,Needs Investigation,No Production Shortfall,Medium Risk
2025-03-29,Mankokobi Coal Mine,South Pit,6776.1,6776.4,91.5,71.6,7.7,2025,3,Mar,-0.3,0.3,0,100,Below Target,Slightly Below Target,Good Availability,Poor Utilisation,Moderate Downtime,Available but Underutilised,Low Equipment Utilisation,Medium Risk
2025-03-30,Mankokobi Coal Mine,Central Pit,8152.4,7727.5,80.3,78.5,11.2,2025,3,Mar,424.9,0,424.9,105.5,Target Achieved,Target Achieved,Moderate Availability,Moderate Utilisation,High Downtime,Needs Investigation,No Production Shortfall,Medium Risk
2025-03-30,Mankokobi Coal Mine,North Pit,8686,8262.2,94.8,85.6,11.9,2025,3,Mar,423.8,0,423.8,105.13,Target Achieved,Target Achieved,Good Availability,Good Utilisation,High Downtime,Effective,No Production Shortfall,Medium Risk
2025-03-30,Mankokobi Coal Mine,South Pit,8032.2,8340.6,90.2,79.3,4.7,2025,3,Mar,-308.4,308.4,0,96.3,Below Target,Slightly Below Target,Good Availability,Moderate Utilisation,Low Downtime,Needs Investigation,Further Investigation Required,Medium Risk
2025-03-31,Mankokobi Coal Mine,Central Pit,5645.8,7112.3,90.8,70.3,9,2025,3,Mar,-1466.5,1466.5,0,79.38,Below Target,Critical Underperformance,Good Availability,Poor Utilisation,Moderate Downtime,Available but Underutilised,Low Equipment Utilisation,Medium Risk
2025-03-31,Mankokobi Coal Mine,North Pit,8054.8,8847.9,91.2,70.5,6.8,2025,3,Mar,-793.1,793.1,0,91.04,Below Target,Underperforming,Good Availability,Poor Utilisation,Moderate Downtime,Available but Underutilised,Low Equipment Utilisation,Medium Risk
2025-03-31,Mankokobi Coal Mine,South Pit,7562,7640.1,88.2,79.8,11.3,2025,3,Mar,-78.1,78.1,0,98.98,Below Target,Slightly Below Target,Moderate Availability,Moderate Utilisation,High Downtime,Needs Investigation,Further Investigation Required,Medium Risk
2025-04-01,Mankokobi Coal Mine,Central Pit,8006,8248.6,91.3,74.5,7.2,2025,4,Apr,-242.6,242.6,0,97.06,Below Target,Slightly Below Target,Good Availability,Poor Utilisation,Moderate Downtime,Available but Underutilised,Low Equipment Utilisation,Medium Risk
2025-04-01,Mankokobi Coal Mine,North Pit,8326.2,8648.7,87.5,84.4,11.4,2025,4,Apr,-322.5,322.5,0,96.27,Below Target,Slightly Below Target,Moderate Availability,Moderate Utilisation,High Downtime,Needs Investigation,Further Investigation Required,Medium Risk
2025-04-01,Mankokobi Coal Mine,South Pit,7386.9,7498.5,83.1,78.2,9.4,2025,4,Apr,-111.6,111.6,0,98.51,Below Target,Slightly Below Target,Moderate Availability,Moderate Utilisation,Moderate Downtime,Needs Investigation,Further Investigation Required,Medium Risk
2025-04-02,Mankokobi Coal Mine,Central Pit,7636.1,7984.9,80.8,70.5,6.9,2025,4,Apr,-348.8,348.8,0,95.63,Below Target,Slightly Below Target,Moderate Availability,Poor Utilisation,Moderate Downtime,Needs Investigation,Low Equipment Utilisation,Medium Risk
2025-04-02,Mankokobi Coal Mine,North Pit,8189.3,8503.6,89.1,95,10.5,2025,4,Apr,-314.3,314.3,0,96.3,Below Target,Slightly Below Target,Moderate Availability,Good Utilisation,High Downtime,Needs Investigation,Further Investigation Required,Medium Risk
2025-04-02,Mankokobi Coal Mine,South Pit,6965.7,7484.9,88.3,65.4,8.2,2025,4,Apr,-519.2,519.2,0,93.06,Below Target,Underperforming,Moderate Availability,Poor Utilisation,Moderate Downtime,Needs Investigation,Low Equipment Utilisation,High Risk
2025-04-03,Mankokobi Coal Mine,Central Pit,7416.4,7523.2,90.3,73.2,12.6,2025,4,Apr,-106.8,106.8,0,98.58,Below Target,Slightly Below Target,Good Availability,Poor Utilisation,High Downtime,Available but Underutilised,Low Equipment Utilisation,High Risk
2025-04-03,Mankokobi Coal Mine,North Pit,8527.2,8166,87.2,69.5,9.2,2025,4,Apr,361.2,0,361.2,104.42,Target Achieved,Target Achieved,Moderate Availability,Poor Utilisation,Moderate Downtime,Needs Investigation,No Production Shortfall,High Risk
2025-04-03,Mankokobi Coal Mine,South Pit,7027,7315.1,86.1,73.7,9.8,2025,4,Apr,-288.1,288.1,0,96.06,Below Target,Slightly Below Target,Moderate Availability,Poor Utilisation,Moderate Downtime,Needs Investigation,Low Equipment Utilisation,Medium Risk
2025-04-04,Mankokobi Coal Mine,Central Pit,6590.4,6772.9,93.1,68.4,6.9,2025,4,Apr,-182.5,182.5,0,97.31,Below Target,Slightly Below Target,Good Availability,Poor Utilisation,Moderate Downtime,Available but Underutilised,Low Equipment Utilisation,High Risk
2025-04-04,Mankokobi Coal Mine,North Pit,9221.9,8617,84,67.3,9.2,2025,4,Apr,604.9,0,604.9,107.02,Target Achieved,Target Achieved,Moderate Availability,Poor Utilisation,Moderate Downtime,Needs Investigation,No Production Shortfall,High Risk
2025-04-04,Mankokobi Coal Mine,South Pit,8271.2,7815.3,86.3,84.2,3.7,2025,4,Apr,455.9,0,455.9,105.83,Target Achieved,Target Achieved,Moderate Availability,Moderate Utilisation,Low Downtime,Needs Investigation,No Production Shortfall,Low Risk
2025-04-05,Mankokobi Coal Mine,Central Pit,8852.7,7509.5,87.8,64.3,11.2,2025,4,Apr,1343.2,0,1343.2,117.89,Target Achieved,Target Achieved,Moderate Availability,Poor Utilisation,High Downtime,Needs Investigation,No Production Shortfall,High Risk
2025-04-05,Mankokobi Coal Mine,North Pit,8456.1,8336.8,73.7,74.2,10.3,2025,4,Apr,119.3,0,119.3,101.43,Target Achieved,Target Achieved,Poor Availability,Poor Utilisation,High Downtime,Availability Constraint,No Production Shortfall,High Risk
2025-04-05,Mankokobi Coal Mine,South Pit,6543.5,7231.4,82.9,74.9,10.2,2025,4,Apr,-687.9,687.9,0,90.49,Below Target,Underperforming,Moderate Availability,Poor Utilisation,High Downtime,Needs Investigation,Low Equipment Utilisation,Medium Risk
2025-04-06,Mankokobi Coal Mine,Central Pit,8909.1,7662.6,93.7,73.8,5.9,2025,4,Apr,1246.5,0,1246.5,116.27,Target Achieved,Target Achieved,Good Availability,Poor Utilisation,Low Downtime,Available but Underutilised,No Production Shortfall,Medium Risk
2025-04-06,Mankokobi Coal Mine,North Pit,5860.5,7520.8,85.6,71.9,10.7,2025,4,Apr,-1660.3,1660.3,0,77.92,Below Target,Critical Underperformance,Moderate Availability,Poor Utilisation,High Downtime,Needs Investigation,Low Equipment Utilisation,Medium Risk
2025-04-06,Mankokobi Coal Mine,South Pit,7963.3,7202.1,93.1,87.9,11.7,2025,4,Apr,761.2,0,761.2,110.57,Target Achieved,Target Achieved,Good Availability,Good Utilisation,High Downtime,Effective,No Production Shortfall,Medium Risk
2025-04-07,Mankokobi Coal Mine,Central Pit,8063.9,8020,97.5,76.4,4.4,2025,4,Apr,43.9,0,43.9,100.55,Target Achieved,Target Achieved,Good Availability,Moderate Utilisation,Low Downtime,Needs Investigation,No Production Shortfall,Medium Risk
2025-04-07,Mankokobi Coal Mine,North Pit,8547.8,9222.9,96.6,78.2,5,2025,4,Apr,-675.1,675.1,0,92.68,Below Target,Underperforming,Good Availability,Moderate Utilisation,Low Downtime,Needs Investigation,Further Investigation Required,Medium Risk
2025-04-07,Mankokobi Coal Mine,South Pit,6372.7,7070.7,89,68.6,6.7,2025,4,Apr,-698,698,0,90.13,Below Target,Underperforming,Moderate Availability,Poor Utilisation,Moderate Downtime,Needs Investigation,Low Equipment Utilisation,High Risk
2025-04-08,Mankokobi Coal Mine,Central Pit,7881.3,8537.5,92,85,9.2,2025,4,Apr,-656.2,656.2,0,92.31,Below Target,Underperforming,Good Availability,Good Utilisation,Moderate Downtime,Effective,Non-Equipment Constraint,Medium Risk
2025-04-08,Mankokobi Coal Mine,North Pit,8522.2,8928.6,94.4,74.8,4.5,2025,4,Apr,-406.4,406.4,0,95.45,Below Target,Slightly Below Target,Good Availability,Poor Utilisation,Low Downtime,Available but Underutilised,Low Equipment Utilisation,Medium Risk
2025-04-08,Mankokobi Coal Mine,South Pit,6004.7,6651,85.2,80,10.6,2025,4,Apr,-646.3,646.3,0,90.28,Below Target,Underperforming,Moderate Availability,Moderate Utilisation,High Downtime,Needs Investigation,Further Investigation Required,Medium Risk
2025-04-09,Mankokobi Coal Mine,Central Pit,9118,8664.1,97.9,83.2,9.5,2025,4,Apr,453.9,0,453.9,105.24,Target Achieved,Target Achieved,Good Availability,Moderate Utilisation,Moderate Downtime,Needs Investigation,No Production Shortfall,Medium Risk
2025-04-09,Mankokobi Coal Mine,North Pit,9557.6,8821.7,98,73.5,12.4,2025,4,Apr,735.9,0,735.9,108.34,Target Achieved,Target Achieved,Good Availability,Poor Utilisation,High Downtime,Available but Underutilised,No Production Shortfall,High Risk
2025-04-09,Mankokobi Coal Mine,South Pit,5700,7069.6,83.4,70.7,7.6,2025,4,Apr,-1369.6,1369.6,0,80.63,Below Target,Critical Underperformance,Moderate Availability,Poor Utilisation,Moderate Downtime,Needs Investigation,Low Equipment Utilisation,Medium Risk
2025-04-10,Mankokobi Coal Mine,Central Pit,7629.8,8120.9,92.5,84,11.4,2025,4,Apr,-491.1,491.1,0,93.95,Below Target,Underperforming,Good Availability,Moderate Utilisation,High Downtime,Needs Investigation,Further Investigation Required,Medium Risk
2025-04-10,Mankokobi Coal Mine,North Pit,8523.5,8879,88.8,74.6,5.4,2025,4,Apr,-355.5,355.5,0,96,Below Target,Slightly Below Target,Moderate Availability,Poor Utilisation,Low Downtime,Needs Investigation,Low Equipment Utilisation,Medium Risk
2025-04-10,Mankokobi Coal Mine,South Pit,7434.3,7636.6,83.5,86.5,10.2,2025,4,Apr,-202.3,202.3,0,97.35,Below Target,Slightly Below Target,Moderate Availability,Good Utilisation,High Downtime,Needs Investigation,Further Investigation Required,Medium Risk
2025-04-11,Mankokobi Coal Mine,Central Pit,8266.9,7930.1,87.5,83.7,5.5,2025,4,Apr,336.8,0,336.8,104.25,Target Achieved,Target Achieved,Moderate Availability,Moderate Utilisation,Low Downtime,Needs Investigation,No Production Shortfall,Low Risk
2025-04-11,Mankokobi Coal Mine,North Pit,7803.5,8917.2,94.5,79.3,12.5,2025,4,Apr,-1113.7,1113.7,0,87.51,Below Target,Critical Underperformance,Good Availability,Moderate Utilisation,High Downtime,Needs Investigation,Further Investigation Required,High Risk
2025-04-11,Mankokobi Coal Mine,South Pit,8969,7824.8,88.1,80.2,8.9,2025,4,Apr,1144.2,0,1144.2,114.62,Target Achieved,Target Achieved,Moderate Availability,Moderate Utilisation,Moderate Downtime,Needs Investigation,No Production Shortfall,Medium Risk
2025-04-12,Mankokobi Coal Mine,Central Pit,7551.7,8582.4,91.7,77,3.7,2025,4,Apr,-1030.7,1030.7,0,87.99,Below Target,Critical Underperformance,Good Availability,Moderate Utilisation,Low Downtime,Needs Investigation,Further Investigation Required,Medium Risk
2025-04-12,Mankokobi Coal Mine,North Pit,8071.7,7706.4,88.4,90.7,11.5,2025,4,Apr,365.3,0,365.3,104.74,Target Achieved,Target Achieved,Moderate Availability,Good Utilisation,High Downtime,Needs Investigation,No Production Shortfall,Medium Risk
2025-04-12,Mankokobi Coal Mine,South Pit,7227,7630.2,82.9,87,5.4,2025,4,Apr,-403.2,403.2,0,94.72,Below Target,Underperforming,Moderate Availability,Good Utilisation,Low Downtime,Needs Investigation,Further Investigation Required,Low Risk
2025-04-13,Mankokobi Coal Mine,Central Pit,7242.6,8103.5,96,67.9,4.9,2025,4,Apr,-860.9,860.9,0,89.38,Below Target,Critical Underperformance,Good Availability,Poor Utilisation,Low Downtime,Available but Underutilised,Low Equipment Utilisation,High Risk
2025-04-13,Mankokobi Coal Mine,North Pit,9693.9,9389.9,90.2,69.6,6.8,2025,4,Apr,304,0,304,103.24,Target Achieved,Target Achieved,Good Availability,Poor Utilisation,Moderate Downtime,Available but Underutilised,No Production Shortfall,High Risk
2025-04-13,Mankokobi Coal Mine,South Pit,7211.8,7579,85.9,90.1,11.6,2025,4,Apr,-367.2,367.2,0,95.16,Below Target,Slightly Below Target,Moderate Availability,Good Utilisation,High Downtime,Needs Investigation,Further Investigation Required,Medium Risk
2025-04-14,Mankokobi Coal Mine,Central Pit,8928.6,7250.8,94.9,74.1,9.4,2025,4,Apr,1677.8,0,1677.8,123.14,Target Achieved,Target Achieved,Good Availability,Poor Utilisation,Moderate Downtime,Available but Underutilised,No Production Shortfall,Medium Risk
2025-04-14,Mankokobi Coal Mine,North Pit,7226.1,7798.4,96,89.8,3.6,2025,4,Apr,-572.3,572.3,0,92.66,Below Target,Underperforming,Good Availability,Good Utilisation,Low Downtime,Effective,Non-Equipment Constraint,Low Risk
2025-04-14,Mankokobi Coal Mine,South Pit,8460.9,7296.4,84.2,91,9,2025,4,Apr,1164.5,0,1164.5,115.96,Target Achieved,Target Achieved,Moderate Availability,Good Utilisation,Moderate Downtime,Needs Investigation,No Production Shortfall,Medium Risk
2025-04-15,Mankokobi Coal Mine,Central Pit,8916.3,8496,84.4,84.6,8.3,2025,4,Apr,420.3,0,420.3,104.95,Target Achieved,Target Achieved,Moderate Availability,Moderate Utilisation,Moderate Downtime,Needs Investigation,No Production Shortfall,Medium Risk
2025-04-15,Mankokobi Coal Mine,North Pit,8551.1,9081.8,91.3,83.4,8.1,2025,4,Apr,-530.7,530.7,0,94.16,Below Target,Underperforming,Good Availability,Moderate Utilisation,Moderate Downtime,Needs Investigation,Further Investigation Required,Medium Risk
2025-04-15,Mankokobi Coal Mine,South Pit,5475.8,6696.6,86.9,73,4.4,2025,4,Apr,-1220.8,1220.8,0,81.77,Below Target,Critical Underperformance,Moderate Availability,Poor Utilisation,Low Downtime,Needs Investigation,Low Equipment Utilisation,Medium Risk
2025-04-16,Mankokobi Coal Mine,Central Pit,7723.2,8543.9,91.2,76.4,11.2,2025,4,Apr,-820.7,820.7,0,90.39,Below Target,Underperforming,Good Availability,Moderate Utilisation,High Downtime,Needs Investigation,Further Investigation Required,Medium Risk
2025-04-16,Mankokobi Coal Mine,North Pit,9146.4,8823.3,80.5,79.3,7.4,2025,4,Apr,323.1,0,323.1,103.66,Target Achieved,Target Achieved,Moderate Availability,Moderate Utilisation,Moderate Downtime,Needs Investigation,No Production Shortfall,Medium Risk
2025-04-16,Mankokobi Coal Mine,South Pit,7902.9,7799.4,77.3,69.2,8.4,2025,4,Apr,103.5,0,103.5,101.33,Target Achieved,Target Achieved,Poor Availability,Poor Utilisation,Moderate Downtime,Availability Constraint,No Production Shortfall,High Risk
2025-04-17,Mankokobi Coal Mine,Central Pit,8671.6,8453.3,86.9,75.4,10.8,2025,4,Apr,218.3,0,218.3,102.58,Target Achieved,Target Achieved,Moderate Availability,Moderate Utilisation,High Downtime,Needs Investigation,No Production Shortfall,Medium Risk
2025-04-17,Mankokobi Coal Mine,North Pit,8391.1,8661.5,78.3,80.3,7.3,2025,4,Apr,-270.4,270.4,0,96.88,Below Target,Slightly Below Target,Poor Availability,Moderate Utilisation,Moderate Downtime,Availability Constraint,Low Equipment Availability,Low Risk
2025-04-17,Mankokobi Coal Mine,South Pit,7604.3,6680.6,72.2,77.8,9.2,2025,4,Apr,923.7,0,923.7,113.83,Target Achieved,Target Achieved,Poor Availability,Moderate Utilisation,Moderate Downtime,Availability Constraint,No Production Shortfall,High Risk
2025-04-18,Mankokobi Coal Mine,Central Pit,8127.6,8325.6,94.7,77.3,6,2025,4,Apr,-198,198,0,97.62,Below Target,Slightly Below Target,Good Availability,Moderate Utilisation,Moderate Downtime,Needs Investigation,Further Investigation Required,Medium Risk
2025-04-18,Mankokobi Coal Mine,North Pit,8043.2,9017.6,92.3,80.5,4.8,2025,4,Apr,-974.4,974.4,0,89.19,Below Target,Critical Underperformance,Good Availability,Moderate Utilisation,Low Downtime,Needs Investigation,Further Investigation Required,Low Risk
2025-04-18,Mankokobi Coal Mine,South Pit,6689.3,7398.2,86.8,72.1,10.4,2025,4,Apr,-708.9,708.9,0,90.42,Below Target,Underperforming,Moderate Availability,Poor Utilisation,High Downtime,Needs Investigation,Low Equipment Utilisation,Medium Risk
2025-04-19,Mankokobi Coal Mine,Central Pit,7138.3,8010.3,81.8,65.7,11.7,2025,4,Apr,-872,872,0,89.11,Below Target,Critical Underperformance,Moderate Availability,Poor Utilisation,High Downtime,Needs Investigation,Low Equipment Utilisation,High Risk
2025-04-19,Mankokobi Coal Mine,North Pit,8552,9294.7,86.5,77.9,3.9,2025,4,Apr,-742.7,742.7,0,92.01,Below Target,Underperforming,Moderate Availability,Moderate Utilisation,Low Downtime,Needs Investigation,Further Investigation Required,Medium Risk
2025-04-19,Mankokobi Coal Mine,South Pit,6848.9,7260.6,90.8,67.1,10.2,2025,4,Apr,-411.7,411.7,0,94.33,Below Target,Underperforming,Good Availability,Poor Utilisation,High Downtime,Available but Underutilised,Low Equipment Utilisation,High Risk
2025-04-20,Mankokobi Coal Mine,Central Pit,6623,7199.1,94.4,72.9,11.3,2025,4,Apr,-576.1,576.1,0,92,Below Target,Underperforming,Good Availability,Poor Utilisation,High Downtime,Available but Underutilised,Low Equipment Utilisation,Medium Risk
2025-04-20,Mankokobi Coal Mine,North Pit,9795.6,8065.5,91.1,68.7,12.3,2025,4,Apr,1730.1,0,1730.1,121.45,Target Achieved,Target Achieved,Good Availability,Poor Utilisation,High Downtime,Available but Underutilised,No Production Shortfall,High Risk
2025-04-20,Mankokobi Coal Mine,South Pit,7796.5,7706.8,98,75.9,10,2025,4,Apr,89.7,0,89.7,101.16,Target Achieved,Target Achieved,Good Availability,Moderate Utilisation,High Downtime,Needs Investigation,No Production Shortfall,Medium Risk
2025-04-21,Mankokobi Coal Mine,Central Pit,6986.3,7747,98,90.4,8.5,2025,4,Apr,-760.7,760.7,0,90.18,Below Target,Underperforming,Good Availability,Good Utilisation,Moderate Downtime,Effective,Non-Equipment Constraint,Medium Risk
2025-04-21,Mankokobi Coal Mine,North Pit,5916,8196.6,88.5,70.5,5.1,2025,4,Apr,-2280.6,2280.6,0,72.18,Below Target,Critical Underperformance,Moderate Availability,Poor Utilisation,Low Downtime,Needs Investigation,Low Equipment Utilisation,Medium Risk
2025-04-21,Mankokobi Coal Mine,South Pit,8049.3,7235.1,84,76.7,4.1,2025,4,Apr,814.2,0,814.2,111.25,Target Achieved,Target Achieved,Moderate Availability,Moderate Utilisation,Low Downtime,Needs Investigation,No Production Shortfall,Medium Risk
2025-04-22,Mankokobi Coal Mine,Central Pit,7800.5,8013.8,96.9,80.3,11.5,2025,4,Apr,-213.3,213.3,0,97.34,Below Target,Slightly Below Target,Good Availability,Moderate Utilisation,High Downtime,Needs Investigation,Further Investigation Required,Medium Risk
2025-04-22,Mankokobi Coal Mine,North Pit,7835.2,8288.1,91.3,73,6.6,2025,4,Apr,-452.9,452.9,0,94.54,Below Target,Underperforming,Good Availability,Poor Utilisation,Moderate Downtime,Available but Underutilised,Low Equipment Utilisation,Medium Risk
2025-04-22,Mankokobi Coal Mine,South Pit,6976.1,7053.4,90.8,80.2,10.5,2025,4,Apr,-77.3,77.3,0,98.9,Below Target,Slightly Below Target,Good Availability,Moderate Utilisation,High Downtime,Needs Investigation,Further Investigation Required,Medium Risk
2025-04-23,Mankokobi Coal Mine,Central Pit,7933.2,8442.7,90.8,87.2,12.3,2025,4,Apr,-509.5,509.5,0,93.97,Below Target,Underperforming,Good Availability,Good Utilisation,High Downtime,Effective,Non-Equipment Constraint,High Risk
2025-04-23,Mankokobi Coal Mine,North Pit,11540.2,8997.5,87.6,76.7,4.5,2025,4,Apr,2542.7,0,2542.7,128.26,Target Achieved,Target Achieved,Moderate Availability,Moderate Utilisation,Low Downtime,Needs Investigation,No Production Shortfall,Medium Risk
2025-04-23,Mankokobi Coal Mine,South Pit,6711.9,7274.4,80.1,84.4,8.8,2025,4,Apr,-562.5,562.5,0,92.27,Below Target,Underperforming,Moderate Availability,Moderate Utilisation,Moderate Downtime,Needs Investigation,Further Investigation Required,Medium Risk
2025-04-24,Mankokobi Coal Mine,Central Pit,8837.2,8179.4,83.3,73.5,11.3,2025,4,Apr,657.8,0,657.8,108.04,Target Achieved,Target Achieved,Moderate Availability,Poor Utilisation,High Downtime,Needs Investigation,No Production Shortfall,Medium Risk
2025-04-24,Mankokobi Coal Mine,North Pit,8904.6,9138.3,91,83.4,8.4,2025,4,Apr,-233.7,233.7,0,97.44,Below Target,Slightly Below Target,Good Availability,Moderate Utilisation,Moderate Downtime,Needs Investigation,Further Investigation Required,Medium Risk
2025-04-24,Mankokobi Coal Mine,South Pit,6699.4,7093.9,90.7,74.2,11.6,2025,4,Apr,-394.5,394.5,0,94.44,Below Target,Underperforming,Good Availability,Poor Utilisation,High Downtime,Available but Underutilised,Low Equipment Utilisation,Medium Risk
2025-04-25,Mankokobi Coal Mine,Central Pit,7969.3,8038.8,89.3,81.6,7.4,2025,4,Apr,-69.5,69.5,0,99.14,Below Target,Slightly Below Target,Moderate Availability,Moderate Utilisation,Moderate Downtime,Needs Investigation,Further Investigation Required,Low Risk
2025-04-25,Mankokobi Coal Mine,North Pit,7260.2,8126.7,90.3,92.4,4.4,2025,4,Apr,-866.5,866.5,0,89.34,Below Target,Critical Underperformance,Good Availability,Good Utilisation,Low Downtime,Effective,Non-Equipment Constraint,Low Risk
2025-04-25,Mankokobi Coal Mine,South Pit,7269.4,6716.6,90.4,76.7,5.1,2025,4,Apr,552.8,0,552.8,108.23,Target Achieved,Target Achieved,Good Availability,Moderate Utilisation,Low Downtime,Needs Investigation,No Production Shortfall,Medium Risk
2025-04-26,Mankokobi Coal Mine,Central Pit,7725.6,8037.5,86.1,80.4,11,2025,4,Apr,-311.9,311.9,0,96.12,Below Target,Slightly Below Target,Moderate Availability,Moderate Utilisation,High Downtime,Needs Investigation,Further Investigation Required,Medium Risk
2025-04-26,Mankokobi Coal Mine,North Pit,8667.7,8588.7,86.5,90.6,11.6,2025,4,Apr,79,0,79,100.92,Target Achieved,Target Achieved,Moderate Availability,Good Utilisation,High Downtime,Needs Investigation,No Production Shortfall,Medium Risk
2025-04-26,Mankokobi Coal Mine,South Pit,6544.1,8064.7,89.9,75.9,11,2025,4,Apr,-1520.6,1520.6,0,81.15,Below Target,Critical Underperformance,Moderate Availability,Moderate Utilisation,High Downtime,Needs Investigation,Further Investigation Required,Medium Risk
2025-04-27,Mankokobi Coal Mine,Central Pit,7778.7,8200,83.4,74,6.7,2025,4,Apr,-421.3,421.3,0,94.86,Below Target,Underperforming,Moderate Availability,Poor Utilisation,Moderate Downtime,Needs Investigation,Low Equipment Utilisation,Medium Risk
2025-04-27,Mankokobi Coal Mine,North Pit,7459.6,7572.4,84.7,87.1,6.6,2025,4,Apr,-112.8,112.8,0,98.51,Below Target,Slightly Below Target,Moderate Availability,Good Utilisation,Moderate Downtime,Needs Investigation,Further Investigation Required,Low Risk
2025-04-27,Mankokobi Coal Mine,South Pit,8991.2,7971.4,86.2,86.5,6.8,2025,4,Apr,1019.8,0,1019.8,112.79,Target Achieved,Target Achieved,Moderate Availability,Good Utilisation,Moderate Downtime,Needs Investigation,No Production Shortfall,Low Risk
2025-04-28,Mankokobi Coal Mine,Central Pit,7485.2,7386.1,94.5,74.7,5.2,2025,4,Apr,99.1,0,99.1,101.34,Target Achieved,Target Achieved,Good Availability,Poor Utilisation,Low Downtime,Available but Underutilised,No Production Shortfall,Medium Risk
2025-04-28,Mankokobi Coal Mine,North Pit,8583,8518.9,94.7,78.3,4.7,2025,4,Apr,64.1,0,64.1,100.75,Target Achieved,Target Achieved,Good Availability,Moderate Utilisation,Low Downtime,Needs Investigation,No Production Shortfall,Medium Risk
2025-04-28,Mankokobi Coal Mine,South Pit,7466.5,7020,90.9,74.4,9.4,2025,4,Apr,446.5,0,446.5,106.36,Target Achieved,Target Achieved,Good Availability,Poor Utilisation,Moderate Downtime,Available but Underutilised,No Production Shortfall,Medium Risk
2025-04-29,Mankokobi Coal Mine,Central Pit,8800.9,8420.9,80.8,83.1,9.6,2025,4,Apr,380,0,380,104.51,Target Achieved,Target Achieved,Moderate Availability,Moderate Utilisation,Moderate Downtime,Needs Investigation,No Production Shortfall,Medium Risk
2025-04-29,Mankokobi Coal Mine,North Pit,8061.4,8623.5,98,71,3.9,2025,4,Apr,-562.1,562.1,0,93.48,Below Target,Underperforming,Good Availability,Poor Utilisation,Low Downtime,Available but Underutilised,Low Equipment Utilisation,Medium Risk
2025-04-29,Mankokobi Coal Mine,South Pit,8605.4,7399,86.7,82.7,4.6,2025,4,Apr,1206.4,0,1206.4,116.3,Target Achieved,Target Achieved,Moderate Availability,Moderate Utilisation,Low Downtime,Needs Investigation,No Production Shortfall,Low Risk
2025-04-30,Mankokobi Coal Mine,Central Pit,7735.8,7682.9,87.5,80.3,6.1,2025,4,Apr,52.9,0,52.9,100.69,Target Achieved,Target Achieved,Moderate Availability,Moderate Utilisation,Moderate Downtime,Needs Investigation,No Production Shortfall,Low Risk
2025-04-30,Mankokobi Coal Mine,North Pit,8381.8,7759.9,75.5,79,8.6,2025,4,Apr,621.9,0,621.9,108.01,Target Achieved,Target Achieved,Poor Availability,Moderate Utilisation,Moderate Downtime,Availability Constraint,No Production Shortfall,Medium Risk
2025-04-30,Mankokobi Coal Mine,South Pit,7154.5,6999.1,92.1,79.4,10.8,2025,4,Apr,155.4,0,155.4,102.22,Target Achieved,Target Achieved,Good Availability,Moderate Utilisation,High Downtime,Needs Investigation,No Production Shortfall,Medium Risk
2025-05-01,Mankokobi Coal Mine,Central Pit,8053.8,8090.7,84.4,71.6,5.8,2025,5,May,-36.9,36.9,0,99.54,Below Target,Slightly Below Target,Moderate Availability,Poor Utilisation,Low Downtime,Needs Investigation,Low Equipment Utilisation,Medium Risk
2025-05-01,Mankokobi Coal Mine,North Pit,8678.1,8118.1,94,74.2,11.5,2025,5,May,560,0,560,106.9,Target Achieved,Target Achieved,Good Availability,Poor Utilisation,High Downtime,Available but Underutilised,No Production Shortfall,Medium Risk
2025-05-01,Mankokobi Coal Mine,South Pit,6042.8,7191.6,86.3,83.6,6.3,2025,5,May,-1148.8,1148.8,0,84.03,Below Target,Critical Underperformance,Moderate Availability,Moderate Utilisation,Moderate Downtime,Needs Investigation,Further Investigation Required,Low Risk
2025-05-02,Mankokobi Coal Mine,Central Pit,8632.9,7879,87.1,78.5,4.2,2025,5,May,753.9,0,753.9,109.57,Target Achieved,Target Achieved,Moderate Availability,Moderate Utilisation,Low Downtime,Needs Investigation,No Production Shortfall,Medium Risk
2025-05-02,Mankokobi Coal Mine,North Pit,9665.3,9046.8,83.2,81,8.9,2025,5,May,618.5,0,618.5,106.84,Target Achieved,Target Achieved,Moderate Availability,Moderate Utilisation,Moderate Downtime,Needs Investigation,No Production Shortfall,Medium Risk
2025-05-02,Mankokobi Coal Mine,South Pit,7758.4,7360.9,94.4,79.9,11.1,2025,5,May,397.5,0,397.5,105.4,Target Achieved,Target Achieved,Good Availability,Moderate Utilisation,High Downtime,Needs Investigation,No Production Shortfall,Medium Risk
2025-05-03,Mankokobi Coal Mine,Central Pit,8697.1,8616.3,86.1,84.2,7.6,2025,5,May,80.8,0,80.8,100.94,Target Achieved,Target Achieved,Moderate Availability,Moderate Utilisation,Moderate Downtime,Needs Investigation,No Production Shortfall,Low Risk
2025-05-03,Mankokobi Coal Mine,North Pit,9128.1,8639.2,93.5,59.1,6.5,2025,5,May,488.9,0,488.9,105.66,Target Achieved,Target Achieved,Good Availability,Poor Utilisation,Moderate Downtime,Available but Underutilised,No Production Shortfall,High Risk
2025-05-03,Mankokobi Coal Mine,South Pit,8459.7,7951.3,95.2,89.5,5.7,2025,5,May,508.4,0,508.4,106.39,Target Achieved,Target Achieved,Good Availability,Good Utilisation,Low Downtime,Effective,No Production Shortfall,Low Risk
2025-05-04,Mankokobi Coal Mine,Central Pit,9161.3,7979,91,78.3,9.3,2025,5,May,1182.3,0,1182.3,114.82,Target Achieved,Target Achieved,Good Availability,Moderate Utilisation,Moderate Downtime,Needs Investigation,No Production Shortfall,Medium Risk
2025-05-04,Mankokobi Coal Mine,North Pit,6225.9,8093.7,88.2,76.2,9.5,2025,5,May,-1867.8,1867.8,0,76.92,Below Target,Critical Underperformance,Moderate Availability,Moderate Utilisation,Moderate Downtime,Needs Investigation,Further Investigation Required,Medium Risk
2025-05-04,Mankokobi Coal Mine,South Pit,5616.6,7142.1,87,74.9,4,2025,5,May,-1525.5,1525.5,0,78.64,Below Target,Critical Underperformance,Moderate Availability,Poor Utilisation,Low Downtime,Needs Investigation,Low Equipment Utilisation,Medium Risk
2025-05-05,Mankokobi Coal Mine,Central Pit,7405.1,7498.4,84.3,76.6,3.7,2025,5,May,-93.3,93.3,0,98.76,Below Target,Slightly Below Target,Moderate Availability,Moderate Utilisation,Low Downtime,Needs Investigation,Further Investigation Required,Medium Risk
2025-05-05,Mankokobi Coal Mine,North Pit,8168.2,8341.5,84.2,68.2,9.1,2025,5,May,-173.3,173.3,0,97.92,Below Target,Slightly Below Target,Moderate Availability,Poor Utilisation,Moderate Downtime,Needs Investigation,Low Equipment Utilisation,High Risk
2025-05-05,Mankokobi Coal Mine,South Pit,7813.1,7043.4,83.9,80.2,8.2,2025,5,May,769.7,0,769.7,110.93,Target Achieved,Target Achieved,Moderate Availability,Moderate Utilisation,Moderate Downtime,Needs Investigation,No Production Shortfall,Medium Risk
2025-05-06,Mankokobi Coal Mine,Central Pit,7674,7764.5,83.6,85.5,8,2025,5,May,-90.5,90.5,0,98.83,Below Target,Slightly Below Target,Moderate Availability,Good Utilisation,Moderate Downtime,Needs Investigation,Further Investigation Required,Low Risk
2025-05-06,Mankokobi Coal Mine,North Pit,8464.5,8715.6,87,72.5,9.2,2025,5,May,-251.1,251.1,0,97.12,Below Target,Slightly Below Target,Moderate Availability,Poor Utilisation,Moderate Downtime,Needs Investigation,Low Equipment Utilisation,Medium Risk
2025-05-06,Mankokobi Coal Mine,South Pit,5716.4,6998.1,84.4,68.4,7.3,2025,5,May,-1281.7,1281.7,0,81.69,Below Target,Critical Underperformance,Moderate Availability,Poor Utilisation,Moderate Downtime,Needs Investigation,Low Equipment Utilisation,High Risk
2025-05-07,Mankokobi Coal Mine,Central Pit,8126.2,7978.1,84.6,73,7.1,2025,5,May,148.1,0,148.1,101.86,Target Achieved,Target Achieved,Moderate Availability,Poor Utilisation,Moderate Downtime,Needs Investigation,No Production Shortfall,Medium Risk
2025-05-07,Mankokobi Coal Mine,North Pit,9303.6,8659.9,90.8,66.9,11,2025,5,May,643.7,0,643.7,107.43,Target Achieved,Target Achieved,Good Availability,Poor Utilisation,High Downtime,Available but Underutilised,No Production Shortfall,High Risk
2025-05-07,Mankokobi Coal Mine,South Pit,5533.9,6173.9,84,76.5,10.4,2025,5,May,-640,640,0,89.63,Below Target,Critical Underperformance,Moderate Availability,Moderate Utilisation,High Downtime,Needs Investigation,Further Investigation Required,Medium Risk
2025-05-08,Mankokobi Coal Mine,Central Pit,7949,7860.3,88.1,83,9.1,2025,5,May,88.7,0,88.7,101.13,Target Achieved,Target Achieved,Moderate Availability,Moderate Utilisation,Moderate Downtime,Needs Investigation,No Production Shortfall,Medium Risk
2025-05-08,Mankokobi Coal Mine,North Pit,9605.7,8770.3,87.1,86.6,6.9,2025,5,May,835.4,0,835.4,109.53,Target Achieved,Target Achieved,Moderate Availability,Good Utilisation,Moderate Downtime,Needs Investigation,No Production Shortfall,Low Risk
2025-05-08,Mankokobi Coal Mine,South Pit,6797.1,7356.9,91.5,78.4,4.9,2025,5,May,-559.8,559.8,0,92.39,Below Target,Underperforming,Good Availability,Moderate Utilisation,Low Downtime,Needs Investigation,Further Investigation Required,Medium Risk
2025-05-09,Mankokobi Coal Mine,Central Pit,7764.7,6985.7,92,84,11.2,2025,5,May,779,0,779,111.15,Target Achieved,Target Achieved,Good Availability,Moderate Utilisation,High Downtime,Needs Investigation,No Production Shortfall,Medium Risk
2025-05-09,Mankokobi Coal Mine,North Pit,6946.9,8510.9,86.9,77.1,8.8,2025,5,May,-1564,1564,0,81.62,Below Target,Critical Underperformance,Moderate Availability,Moderate Utilisation,Moderate Downtime,Needs Investigation,Further Investigation Required,Medium Risk
2025-05-09,Mankokobi Coal Mine,South Pit,7438.7,6872.3,97.8,69.6,6.4,2025,5,May,566.4,0,566.4,108.24,Target Achieved,Target Achieved,Good Availability,Poor Utilisation,Moderate Downtime,Available but Underutilised,No Production Shortfall,High Risk
2025-05-10,Mankokobi Coal Mine,Central Pit,6520.2,7835.7,92.5,83.6,6.9,2025,5,May,-1315.5,1315.5,0,83.21,Below Target,Critical Underperformance,Good Availability,Moderate Utilisation,Moderate Downtime,Needs Investigation,Further Investigation Required,Low Risk
2025-05-10,Mankokobi Coal Mine,North Pit,8742.7,8397.8,95.9,81.7,11.3,2025,5,May,344.9,0,344.9,104.11,Target Achieved,Target Achieved,Good Availability,Moderate Utilisation,High Downtime,Needs Investigation,No Production Shortfall,Medium Risk
2025-05-10,Mankokobi Coal Mine,South Pit,8938.7,7912.6,92.3,71.1,5.1,2025,5,May,1026.1,0,1026.1,112.97,Target Achieved,Target Achieved,Good Availability,Poor Utilisation,Low Downtime,Available but Underutilised,No Production Shortfall,Medium Risk
2025-05-11,Mankokobi Coal Mine,Central Pit,8712.9,7917.6,87.1,68.1,4.2,2025,5,May,795.3,0,795.3,110.04,Target Achieved,Target Achieved,Moderate Availability,Poor Utilisation,Low Downtime,Needs Investigation,No Production Shortfall,High Risk
2025-05-11,Mankokobi Coal Mine,North Pit,8484.2,8000.9,86.8,75.8,5,2025,5,May,483.3,0,483.3,106.04,Target Achieved,Target Achieved,Moderate Availability,Moderate Utilisation,Low Downtime,Needs Investigation,No Production Shortfall,Medium Risk
2025-05-11,Mankokobi Coal Mine,South Pit,7236.7,6380.4,83.6,84.8,6.9,2025,5,May,856.3,0,856.3,113.42,Target Achieved,Target Achieved,Moderate Availability,Moderate Utilisation,Moderate Downtime,Needs Investigation,No Production Shortfall,Low Risk
2025-05-12,Mankokobi Coal Mine,Central Pit,7980.5,8145.5,88,74.9,3.9,2025,5,May,-165,165,0,97.97,Below Target,Slightly Below Target,Moderate Availability,Poor Utilisation,Low Downtime,Needs Investigation,Low Equipment Utilisation,Medium Risk
2025-05-12,Mankokobi Coal Mine,North Pit,8294.8,9396.8,85.5,77.7,3.8,2025,5,May,-1102,1102,0,88.27,Below Target,Critical Underperformance,Moderate Availability,Moderate Utilisation,Low Downtime,Needs Investigation,Further Investigation Required,Medium Risk
2025-05-12,Mankokobi Coal Mine,South Pit,6355.8,6650.5,86,65.4,11.7,2025,5,May,-294.7,294.7,0,95.57,Below Target,Slightly Below Target,Moderate Availability,Poor Utilisation,High Downtime,Needs Investigation,Low Equipment Utilisation,High Risk
2025-05-13,Mankokobi Coal Mine,Central Pit,5715,7167.1,79.8,81.7,6.1,2025,5,May,-1452.1,1452.1,0,79.74,Below Target,Critical Underperformance,Poor Availability,Moderate Utilisation,Moderate Downtime,Availability Constraint,Low Equipment Availability,Low Risk
2025-05-13,Mankokobi Coal Mine,North Pit,9030.7,8834,86.2,86.2,12.5,2025,5,May,196.7,0,196.7,102.23,Target Achieved,Target Achieved,Moderate Availability,Good Utilisation,High Downtime,Needs Investigation,No Production Shortfall,High Risk
2025-05-13,Mankokobi Coal Mine,South Pit,8318.5,7968.6,98,82.5,7.6,2025,5,May,349.9,0,349.9,104.39,Target Achieved,Target Achieved,Good Availability,Moderate Utilisation,Moderate Downtime,Needs Investigation,No Production Shortfall,Low Risk
2025-05-14,Mankokobi Coal Mine,Central Pit,7062.5,6958,92.1,70.5,7.6,2025,5,May,104.5,0,104.5,101.5,Target Achieved,Target Achieved,Good Availability,Poor Utilisation,Moderate Downtime,Available but Underutilised,No Production Shortfall,Medium Risk
2025-05-14,Mankokobi Coal Mine,North Pit,7262.3,8007.6,83.2,69.2,12.3,2025,5,May,-745.3,745.3,0,90.69,Below Target,Underperforming,Moderate Availability,Poor Utilisation,High Downtime,Needs Investigation,Low Equipment Utilisation,High Risk
2025-05-14,Mankokobi Coal Mine,South Pit,7630.4,7059.9,98,80,8.7,2025,5,May,570.5,0,570.5,108.08,Target Achieved,Target Achieved,Good Availability,Moderate Utilisation,Moderate Downtime,Needs Investigation,No Production Shortfall,Medium Risk
2025-05-15,Mankokobi Coal Mine,Central Pit,8265.8,7166.2,89.3,79.9,11.4,2025,5,May,1099.6,0,1099.6,115.34,Target Achieved,Target Achieved,Moderate Availability,Moderate Utilisation,High Downtime,Needs Investigation,No Production Shortfall,Medium Risk
2025-05-15,Mankokobi Coal Mine,North Pit,7784.2,7925.6,90.7,74.7,7.9,2025,5,May,-141.4,141.4,0,98.22,Below Target,Slightly Below Target,Good Availability,Poor Utilisation,Moderate Downtime,Available but Underutilised,Low Equipment Utilisation,Medium Risk
2025-05-15,Mankokobi Coal Mine,South Pit,6979.1,7295.4,85.8,79.9,6.1,2025,5,May,-316.3,316.3,0,95.66,Below Target,Slightly Below Target,Moderate Availability,Moderate Utilisation,Moderate Downtime,Needs Investigation,Further Investigation Required,Medium Risk
2025-05-16,Mankokobi Coal Mine,Central Pit,6586.9,7046.2,94.9,71.7,10.5,2025,5,May,-459.3,459.3,0,93.48,Below Target,Underperforming,Good Availability,Poor Utilisation,High Downtime,Available but Underutilised,Low Equipment Utilisation,Medium Risk
2025-05-16,Mankokobi Coal Mine,North Pit,8608.8,8436.2,81.6,77.9,11.4,2025,5,May,172.6,0,172.6,102.05,Target Achieved,Target Achieved,Moderate Availability,Moderate Utilisation,High Downtime,Needs Investigation,No Production Shortfall,Medium Risk
2025-05-16,Mankokobi Coal Mine,South Pit,6932.6,7259.7,74.7,95,13.9,2025,5,May,-327.1,327.1,0,95.49,Below Target,Slightly Below Target,Poor Availability,Good Utilisation,High Downtime,Availability Constraint,High Downtime / Low Availability,High Risk
2025-05-17,Mankokobi Coal Mine,Central Pit,9092.5,8411.2,86.9,77.1,8.2,2025,5,May,681.3,0,681.3,108.1,Target Achieved,Target Achieved,Moderate Availability,Moderate Utilisation,Moderate Downtime,Needs Investigation,No Production Shortfall,Medium Risk
2025-05-17,Mankokobi Coal Mine,North Pit,8889.7,8463.7,89.6,81.6,8.8,2025,5,May,426,0,426,105.03,Target Achieved,Target Achieved,Moderate Availability,Moderate Utilisation,Moderate Downtime,Needs Investigation,No Production Shortfall,Medium Risk
2025-05-17,Mankokobi Coal Mine,South Pit,7113.1,7449,89.1,77.9,9.8,2025,5,May,-335.9,335.9,0,95.49,Below Target,Slightly Below Target,Moderate Availability,Moderate Utilisation,Moderate Downtime,Needs Investigation,Further Investigation Required,Medium Risk
2025-05-18,Mankokobi Coal Mine,Central Pit,7880.3,7571.6,92.7,84.7,6.3,2025,5,May,308.7,0,308.7,104.08,Target Achieved,Target Achieved,Good Availability,Moderate Utilisation,Moderate Downtime,Needs Investigation,No Production Shortfall,Low Risk
2025-05-18,Mankokobi Coal Mine,North Pit,8262.9,8927.5,94.1,75.1,6.8,2025,5,May,-664.6,664.6,0,92.56,Below Target,Underperforming,Good Availability,Moderate Utilisation,Moderate Downtime,Needs Investigation,Further Investigation Required,Medium Risk
2025-05-18,Mankokobi Coal Mine,South Pit,6922.5,7379,91.9,80.9,10.5,2025,5,May,-456.5,456.5,0,93.81,Below Target,Underperforming,Good Availability,Moderate Utilisation,High Downtime,Needs Investigation,Further Investigation Required,Medium Risk
2025-05-19,Mankokobi Coal Mine,Central Pit,6279,7477,87.9,66.5,4.2,2025,5,May,-1198,1198,0,83.98,Below Target,Critical Underperformance,Moderate Availability,Poor Utilisation,Low Downtime,Needs Investigation,Low Equipment Utilisation,High Risk
2025-05-19,Mankokobi Coal Mine,North Pit,9857.8,9032.3,91.9,80.5,4.4,2025,5,May,825.5,0,825.5,109.14,Target Achieved,Target Achieved,Good Availability,Moderate Utilisation,Low Downtime,Needs Investigation,No Production Shortfall,Low Risk
2025-05-19,Mankokobi Coal Mine,South Pit,6820.5,6766.1,86.3,64.7,4.3,2025,5,May,54.4,0,54.4,100.8,Target Achieved,Target Achieved,Moderate Availability,Poor Utilisation,Low Downtime,Needs Investigation,No Production Shortfall,High Risk
2025-05-20,Mankokobi Coal Mine,Central Pit,6399.2,7106.3,83.8,72.6,10.8,2025,5,May,-707.1,707.1,0,90.05,Below Target,Underperforming,Moderate Availability,Poor Utilisation,High Downtime,Needs Investigation,Low Equipment Utilisation,Medium Risk
2025-05-20,Mankokobi Coal Mine,North Pit,9126.6,9150.5,88,76.7,4.3,2025,5,May,-23.9,23.9,0,99.74,Below Target,Slightly Below Target,Moderate Availability,Moderate Utilisation,Low Downtime,Needs Investigation,Further Investigation Required,Medium Risk
2025-05-20,Mankokobi Coal Mine,South Pit,7419.3,7058.4,91.9,76.1,7.9,2025,5,May,360.9,0,360.9,105.11,Target Achieved,Target Achieved,Good Availability,Moderate Utilisation,Moderate Downtime,Needs Investigation,No Production Shortfall,Medium Risk
2025-05-21,Mankokobi Coal Mine,Central Pit,8074.2,7451.8,89.8,78.1,7.6,2025,5,May,622.4,0,622.4,108.35,Target Achieved,Target Achieved,Moderate Availability,Moderate Utilisation,Moderate Downtime,Needs Investigation,No Production Shortfall,Medium Risk
2025-05-21,Mankokobi Coal Mine,North Pit,8850.1,8763.9,81.2,78.4,6.8,2025,5,May,86.2,0,86.2,100.98,Target Achieved,Target Achieved,Moderate Availability,Moderate Utilisation,Moderate Downtime,Needs Investigation,No Production Shortfall,Medium Risk
2025-05-21,Mankokobi Coal Mine,South Pit,7562.1,7962.8,94.8,79.5,5.8,2025,5,May,-400.7,400.7,0,94.97,Below Target,Underperforming,Good Availability,Moderate Utilisation,Low Downtime,Needs Investigation,Further Investigation Required,Medium Risk
2025-05-22,Mankokobi Coal Mine,Central Pit,6625.7,8026.2,85.2,77.8,6.2,2025,5,May,-1400.5,1400.5,0,82.55,Below Target,Critical Underperformance,Moderate Availability,Moderate Utilisation,Moderate Downtime,Needs Investigation,Further Investigation Required,Medium Risk
2025-05-22,Mankokobi Coal Mine,North Pit,9902.2,8854.9,91.1,79.7,8.3,2025,5,May,1047.3,0,1047.3,111.83,Target Achieved,Target Achieved,Good Availability,Moderate Utilisation,Moderate Downtime,Needs Investigation,No Production Shortfall,Medium Risk
2025-05-22,Mankokobi Coal Mine,South Pit,7183.7,7277.2,82.8,73.6,6.1,2025,5,May,-93.5,93.5,0,98.72,Below Target,Slightly Below Target,Moderate Availability,Poor Utilisation,Moderate Downtime,Needs Investigation,Low Equipment Utilisation,Medium Risk
2025-05-23,Mankokobi Coal Mine,Central Pit,7263.3,7712.2,83.7,83.1,6.4,2025,5,May,-448.9,448.9,0,94.18,Below Target,Underperforming,Moderate Availability,Moderate Utilisation,Moderate Downtime,Needs Investigation,Further Investigation Required,Low Risk
2025-05-23,Mankokobi Coal Mine,North Pit,7564.4,8305.6,88.9,83.8,6.4,2025,5,May,-741.2,741.2,0,91.08,Below Target,Underperforming,Moderate Availability,Moderate Utilisation,Moderate Downtime,Needs Investigation,Further Investigation Required,Low Risk
2025-05-23,Mankokobi Coal Mine,South Pit,7079.5,7238.8,89.1,84,7,2025,5,May,-159.3,159.3,0,97.8,Below Target,Slightly Below Target,Moderate Availability,Moderate Utilisation,Moderate Downtime,Needs Investigation,Further Investigation Required,Low Risk
2025-05-24,Mankokobi Coal Mine,Central Pit,8391.6,8281.6,94.8,78.6,6.3,2025,5,May,110,0,110,101.33,Target Achieved,Target Achieved,Good Availability,Moderate Utilisation,Moderate Downtime,Needs Investigation,No Production Shortfall,Medium Risk
2025-05-24,Mankokobi Coal Mine,North Pit,7366,8421.9,98,89,9.9,2025,5,May,-1055.9,1055.9,0,87.46,Below Target,Critical Underperformance,Good Availability,Good Utilisation,Moderate Downtime,Effective,Non-Equipment Constraint,Medium Risk
2025-05-24,Mankokobi Coal Mine,South Pit,7216.6,7206.6,86.4,74.9,6.8,2025,5,May,10,0,10,100.14,Target Achieved,Target Achieved,Moderate Availability,Poor Utilisation,Moderate Downtime,Needs Investigation,No Production Shortfall,Medium Risk
2025-05-25,Mankokobi Coal Mine,Central Pit,6851.2,7177.6,80.2,86.6,11.3,2025,5,May,-326.4,326.4,0,95.45,Below Target,Slightly Below Target,Moderate Availability,Good Utilisation,High Downtime,Needs Investigation,Further Investigation Required,Medium Risk
2025-05-25,Mankokobi Coal Mine,North Pit,6596.5,8446.9,91.3,67.9,5.5,2025,5,May,-1850.4,1850.4,0,78.09,Below Target,Critical Underperformance,Good Availability,Poor Utilisation,Low Downtime,Available but Underutilised,Low Equipment Utilisation,High Risk
2025-05-25,Mankokobi Coal Mine,South Pit,7233.3,7396,81.7,85.3,5.5,2025,5,May,-162.7,162.7,0,97.8,Below Target,Slightly Below Target,Moderate Availability,Good Utilisation,Low Downtime,Needs Investigation,Further Investigation Required,Low Risk
2025-05-26,Mankokobi Coal Mine,Central Pit,8505.2,7420.5,94.2,69.7,10,2025,5,May,1084.7,0,1084.7,114.62,Target Achieved,Target Achieved,Good Availability,Poor Utilisation,High Downtime,Available but Underutilised,No Production Shortfall,High Risk
2025-05-26,Mankokobi Coal Mine,North Pit,8517.1,8890.8,96.8,72.8,9.5,2025,5,May,-373.7,373.7,0,95.8,Below Target,Slightly Below Target,Good Availability,Poor Utilisation,Moderate Downtime,Available but Underutilised,Low Equipment Utilisation,Medium Risk
2025-05-26,Mankokobi Coal Mine,South Pit,6181.5,7191.9,87.2,71.9,4.1,2025,5,May,-1010.4,1010.4,0,85.95,Below Target,Critical Underperformance,Moderate Availability,Poor Utilisation,Low Downtime,Needs Investigation,Low Equipment Utilisation,Medium Risk
2025-05-27,Mankokobi Coal Mine,Central Pit,5289.8,7111.9,81.8,76.5,7.2,2025,5,May,-1822.1,1822.1,0,74.38,Below Target,Critical Underperformance,Moderate Availability,Moderate Utilisation,Moderate Downtime,Needs Investigation,Further Investigation Required,Medium Risk
2025-05-27,Mankokobi Coal Mine,North Pit,7935,8454.2,82.5,83.2,3.7,2025,5,May,-519.2,519.2,0,93.86,Below Target,Underperforming,Moderate Availability,Moderate Utilisation,Low Downtime,Needs Investigation,Further Investigation Required,Low Risk
2025-05-27,Mankokobi Coal Mine,South Pit,7959.4,8214.8,92.3,77.9,12.3,2025,5,May,-255.4,255.4,0,96.89,Below Target,Slightly Below Target,Good Availability,Moderate Utilisation,High Downtime,Needs Investigation,Further Investigation Required,High Risk
2025-05-28,Mankokobi Coal Mine,Central Pit,8370,8015.5,88.1,82.7,4.7,2025,5,May,354.5,0,354.5,104.42,Target Achieved,Target Achieved,Moderate Availability,Moderate Utilisation,Low Downtime,Needs Investigation,No Production Shortfall,Low Risk
2025-05-28,Mankokobi Coal Mine,North Pit,8653.3,9362.9,89.2,85.4,10.6,2025,5,May,-709.6,709.6,0,92.42,Below Target,Underperforming,Moderate Availability,Good Utilisation,High Downtime,Needs Investigation,Further Investigation Required,Medium Risk
2025-05-28,Mankokobi Coal Mine,South Pit,7622.4,7546.8,83.9,62.9,6.9,2025,5,May,75.6,0,75.6,101,Target Achieved,Target Achieved,Moderate Availability,Poor Utilisation,Moderate Downtime,Needs Investigation,No Production Shortfall,High Risk
2025-05-29,Mankokobi Coal Mine,Central Pit,6549.2,6756.2,82.9,75.2,5.7,2025,5,May,-207,207,0,96.94,Below Target,Slightly Below Target,Moderate Availability,Moderate Utilisation,Low Downtime,Needs Investigation,Further Investigation Required,Medium Risk
2025-05-29,Mankokobi Coal Mine,North Pit,8605.2,8499.7,88.3,79.2,10.6,2025,5,May,105.5,0,105.5,101.24,Target Achieved,Target Achieved,Moderate Availability,Moderate Utilisation,High Downtime,Needs Investigation,No Production Shortfall,Medium Risk
2025-05-29,Mankokobi Coal Mine,South Pit,7985.7,7040.4,79,76.8,5,2025,5,May,945.3,0,945.3,113.43,Target Achieved,Target Achieved,Poor Availability,Moderate Utilisation,Low Downtime,Availability Constraint,No Production Shortfall,Medium Risk
2025-05-30,Mankokobi Coal Mine,Central Pit,7930.3,7628.4,86.3,87,8.8,2025,5,May,301.9,0,301.9,103.96,Target Achieved,Target Achieved,Moderate Availability,Good Utilisation,Moderate Downtime,Needs Investigation,No Production Shortfall,Medium Risk
2025-05-30,Mankokobi Coal Mine,North Pit,8061.7,8665.7,88.3,76.6,5.6,2025,5,May,-604,604,0,93.03,Below Target,Underperforming,Moderate Availability,Moderate Utilisation,Low Downtime,Needs Investigation,Further Investigation Required,Medium Risk
2025-05-30,Mankokobi Coal Mine,South Pit,8194.9,7233.6,86,68.9,9.7,2025,5,May,961.3,0,961.3,113.29,Target Achieved,Target Achieved,Moderate Availability,Poor Utilisation,Moderate Downtime,Needs Investigation,No Production Shortfall,High Risk
2025-05-31,Mankokobi Coal Mine,Central Pit,7774.3,7948.5,91.4,70.4,12.2,2025,5,May,-174.2,174.2,0,97.81,Below Target,Slightly Below Target,Good Availability,Poor Utilisation,High Downtime,Available but Underutilised,Low Equipment Utilisation,High Risk
2025-05-31,Mankokobi Coal Mine,North Pit,8254.4,8037.3,81.1,76.4,7.8,2025,5,May,217.1,0,217.1,102.7,Target Achieved,Target Achieved,Moderate Availability,Moderate Utilisation,Moderate Downtime,Needs Investigation,No Production Shortfall,Medium Risk
2025-05-31,Mankokobi Coal Mine,South Pit,6280.2,6335.9,89,92.2,4.3,2025,5,May,-55.7,55.7,0,99.12,Below Target,Slightly Below Target,Moderate Availability,Good Utilisation,Low Downtime,Needs Investigation,Further Investigation Required,Low Risk
2025-06-01,Mankokobi Coal Mine,Central Pit,7437.8,7133.6,86.5,75,12.2,2025,6,Jun,304.2,0,304.2,104.26,Target Achieved,Target Achieved,Moderate Availability,Moderate Utilisation,High Downtime,Needs Investigation,No Production Shortfall,High Risk
2025-06-01,Mankokobi Coal Mine,North Pit,7154.8,8793.7,84.6,93.3,7.5,2025,6,Jun,-1638.9,1638.9,0,81.36,Below Target,Critical Underperformance,Moderate Availability,Good Utilisation,Moderate Downtime,Needs Investigation,Further Investigation Required,Low Risk
2025-06-01,Mankokobi Coal Mine,South Pit,5977.3,7095.1,89.8,75,8.9,2025,6,Jun,-1117.8,1117.8,0,84.25,Below Target,Critical Underperformance,Moderate Availability,Moderate Utilisation,Moderate Downtime,Needs Investigation,Further Investigation Required,Medium Risk
2025-06-02,Mankokobi Coal Mine,Central Pit,8213.3,7745.7,81.2,71.3,9.4,2025,6,Jun,467.6,0,467.6,106.04,Target Achieved,Target Achieved,Moderate Availability,Poor Utilisation,Moderate Downtime,Needs Investigation,No Production Shortfall,Medium Risk
2025-06-02,Mankokobi Coal Mine,North Pit,8391.1,8486.8,84.4,81,10.4,2025,6,Jun,-95.7,95.7,0,98.87,Below Target,Slightly Below Target,Moderate Availability,Moderate Utilisation,High Downtime,Needs Investigation,Further Investigation Required,Medium Risk
2025-06-02,Mankokobi Coal Mine,South Pit,6789.5,6626.9,90.6,88.4,8.1,2025,6,Jun,162.6,0,162.6,102.45,Target Achieved,Target Achieved,Good Availability,Good Utilisation,Moderate Downtime,Effective,No Production Shortfall,Medium Risk
2025-06-03,Mankokobi Coal Mine,Central Pit,8285.5,8185.4,85.5,74.7,7.5,2025,6,Jun,100.1,0,100.1,101.22,Target Achieved,Target Achieved,Moderate Availability,Poor Utilisation,Moderate Downtime,Needs Investigation,No Production Shortfall,Medium Risk
2025-06-03,Mankokobi Coal Mine,North Pit,7571,8678.1,86.9,82.4,5.6,2025,6,Jun,-1107.1,1107.1,0,87.24,Below Target,Critical Underperformance,Moderate Availability,Moderate Utilisation,Low Downtime,Needs Investigation,Further Investigation Required,Low Risk
2025-06-03,Mankokobi Coal Mine,South Pit,7185.9,7053.5,85.3,72.4,6.2,2025,6,Jun,132.4,0,132.4,101.88,Target Achieved,Target Achieved,Moderate Availability,Poor Utilisation,Moderate Downtime,Needs Investigation,No Production Shortfall,Medium Risk
2025-06-04,Mankokobi Coal Mine,Central Pit,8237.7,7887.2,88.8,78.7,6.8,2025,6,Jun,350.5,0,350.5,104.44,Target Achieved,Target Achieved,Moderate Availability,Moderate Utilisation,Moderate Downtime,Needs Investigation,No Production Shortfall,Medium Risk
2025-06-04,Mankokobi Coal Mine,North Pit,9692,8729.4,87,73.5,7.1,2025,6,Jun,962.6,0,962.6,111.03,Target Achieved,Target Achieved,Moderate Availability,Poor Utilisation,Moderate Downtime,Needs Investigation,No Production Shortfall,Medium Risk
2025-06-04,Mankokobi Coal Mine,South Pit,7250.6,6742.2,92.3,64.2,9.5,2025,6,Jun,508.4,0,508.4,107.54,Target Achieved,Target Achieved,Good Availability,Poor Utilisation,Moderate Downtime,Available but Underutilised,No Production Shortfall,High Risk
2025-06-05,Mankokobi Coal Mine,Central Pit,7933,7580.2,91.8,78.7,7.5,2025,6,Jun,352.8,0,352.8,104.65,Target Achieved,Target Achieved,Good Availability,Moderate Utilisation,Moderate Downtime,Needs Investigation,No Production Shortfall,Medium Risk
2025-06-05,Mankokobi Coal Mine,North Pit,7975.3,8054,84.7,67.3,4,2025,6,Jun,-78.7,78.7,0,99.02,Below Target,Slightly Below Target,Moderate Availability,Poor Utilisation,Low Downtime,Needs Investigation,Low Equipment Utilisation,High Risk
2025-06-05,Mankokobi Coal Mine,South Pit,7934.3,7304.6,98,72.4,6.8,2025,6,Jun,629.7,0,629.7,108.62,Target Achieved,Target Achieved,Good Availability,Poor Utilisation,Moderate Downtime,Available but Underutilised,No Production Shortfall,Medium Risk
2025-06-06,Mankokobi Coal Mine,Central Pit,7078.4,7949.5,80.7,74.1,11.3,2025,6,Jun,-871.1,871.1,0,89.04,Below Target,Critical Underperformance,Moderate Availability,Poor Utilisation,High Downtime,Needs Investigation,Low Equipment Utilisation,Medium Risk
2025-06-06,Mankokobi Coal Mine,North Pit,9390,8287.3,93.1,77.1,8.1,2025,6,Jun,1102.7,0,1102.7,113.31,Target Achieved,Target Achieved,Good Availability,Moderate Utilisation,Moderate Downtime,Needs Investigation,No Production Shortfall,Medium Risk
2025-06-06,Mankokobi Coal Mine,South Pit,6012.4,5849.8,89.1,81.1,6.6,2025,6,Jun,162.6,0,162.6,102.78,Target Achieved,Target Achieved,Moderate Availability,Moderate Utilisation,Moderate Downtime,Needs Investigation,No Production Shortfall,Low Risk
2025-06-07,Mankokobi Coal Mine,Central Pit,6825.4,6938.8,89.8,74.5,4.8,2025,6,Jun,-113.4,113.4,0,98.37,Below Target,Slightly Below Target,Moderate Availability,Poor Utilisation,Low Downtime,Needs Investigation,Low Equipment Utilisation,Medium Risk
2025-06-07,Mankokobi Coal Mine,North Pit,9126.1,8844.1,92.1,71.3,11.5,2025,6,Jun,282,0,282,103.19,Target Achieved,Target Achieved,Good Availability,Poor Utilisation,High Downtime,Available but Underutilised,No Production Shortfall,Medium Risk
2025-06-07,Mankokobi Coal Mine,South Pit,6518.9,7358.2,73.9,72.9,7.7,2025,6,Jun,-839.3,839.3,0,88.59,Below Target,Critical Underperformance,Poor Availability,Poor Utilisation,Moderate Downtime,Availability Constraint,Low Equipment Availability,High Risk
2025-06-08,Mankokobi Coal Mine,Central Pit,7535.4,7262.1,81.4,84,5.2,2025,6,Jun,273.3,0,273.3,103.76,Target Achieved,Target Achieved,Moderate Availability,Moderate Utilisation,Low Downtime,Needs Investigation,No Production Shortfall,Low Risk
2025-06-08,Mankokobi Coal Mine,North Pit,8908.6,8673.1,81.7,82.7,7.4,2025,6,Jun,235.5,0,235.5,102.72,Target Achieved,Target Achieved,Moderate Availability,Moderate Utilisation,Moderate Downtime,Needs Investigation,No Production Shortfall,Low Risk
2025-06-08,Mankokobi Coal Mine,South Pit,8276.7,7395.3,86.6,73.8,8.9,2025,6,Jun,881.4,0,881.4,111.92,Target Achieved,Target Achieved,Moderate Availability,Poor Utilisation,Moderate Downtime,Needs Investigation,No Production Shortfall,Medium Risk
2025-06-09,Mankokobi Coal Mine,Central Pit,6799.8,7935.4,95.7,82.6,6.3,2025,6,Jun,-1135.6,1135.6,0,85.69,Below Target,Critical Underperformance,Good Availability,Moderate Utilisation,Moderate Downtime,Needs Investigation,Further Investigation Required,Low Risk
2025-06-09,Mankokobi Coal Mine,North Pit,8290.4,8080.5,89.3,90.6,5.1,2025,6,Jun,209.9,0,209.9,102.6,Target Achieved,Target Achieved,Moderate Availability,Good Utilisation,Low Downtime,Needs Investigation,No Production Shortfall,Low Risk
2025-06-09,Mankokobi Coal Mine,South Pit,6765.8,7475.2,92.4,78.2,8.2,2025,6,Jun,-709.4,709.4,0,90.51,Below Target,Underperforming,Good Availability,Moderate Utilisation,Moderate Downtime,Needs Investigation,Further Investigation Required,Medium Risk
2025-06-10,Mankokobi Coal Mine,Central Pit,8714.1,8111.3,87.6,85.6,11.4,2025,6,Jun,602.8,0,602.8,107.43,Target Achieved,Target Achieved,Moderate Availability,Good Utilisation,High Downtime,Needs Investigation,No Production Shortfall,Medium Risk
2025-06-10,Mankokobi Coal Mine,North Pit,9234.1,8626.3,87,81.7,10,2025,6,Jun,607.8,0,607.8,107.05,Target Achieved,Target Achieved,Moderate Availability,Moderate Utilisation,High Downtime,Needs Investigation,No Production Shortfall,Medium Risk
2025-06-10,Mankokobi Coal Mine,South Pit,6567.4,7409.1,84.6,74.1,6.6,2025,6,Jun,-841.7,841.7,0,88.64,Below Target,Critical Underperformance,Moderate Availability,Poor Utilisation,Moderate Downtime,Needs Investigation,Low Equipment Utilisation,Medium Risk
2025-06-11,Mankokobi Coal Mine,Central Pit,7708.7,7231.6,85.9,82.9,7.1,2025,6,Jun,477.1,0,477.1,106.6,Target Achieved,Target Achieved,Moderate Availability,Moderate Utilisation,Moderate Downtime,Needs Investigation,No Production Shortfall,Low Risk
2025-06-11,Mankokobi Coal Mine,North Pit,8842.9,8826.1,93.2,82.4,8.1,2025,6,Jun,16.8,0,16.8,100.19,Target Achieved,Target Achieved,Good Availability,Moderate Utilisation,Moderate Downtime,Needs Investigation,No Production Shortfall,Medium Risk
2025-06-11,Mankokobi Coal Mine,South Pit,6289.5,6991.6,90.5,83.4,11,2025,6,Jun,-702.1,702.1,0,89.96,Below Target,Critical Underperformance,Good Availability,Moderate Utilisation,High Downtime,Needs Investigation,Further Investigation Required,Medium Risk
2025-06-12,Mankokobi Coal Mine,Central Pit,8518.4,7616.3,89.5,79.7,7.2,2025,6,Jun,902.1,0,902.1,111.84,Target Achieved,Target Achieved,Moderate Availability,Moderate Utilisation,Moderate Downtime,Needs Investigation,No Production Shortfall,Medium Risk
2025-06-12,Mankokobi Coal Mine,North Pit,7959,8564.1,88.3,78,10.1,2025,6,Jun,-605.1,605.1,0,92.93,Below Target,Underperforming,Moderate Availability,Moderate Utilisation,High Downtime,Needs Investigation,Further Investigation Required,Medium Risk
2025-06-12,Mankokobi Coal Mine,South Pit,6456.5,6794.6,83.3,82.9,9.7,2025,6,Jun,-338.1,338.1,0,95.02,Below Target,Slightly Below Target,Moderate Availability,Moderate Utilisation,Moderate Downtime,Needs Investigation,Further Investigation Required,Medium Risk
2025-06-13,Mankokobi Coal Mine,Central Pit,7761.2,7550.2,88.8,65.6,6.4,2025,6,Jun,211,0,211,102.79,Target Achieved,Target Achieved,Moderate Availability,Poor Utilisation,Moderate Downtime,Needs Investigation,No Production Shortfall,High Risk
2025-06-13,Mankokobi Coal Mine,North Pit,9407.8,8031.6,92.2,85.8,11.1,2025,6,Jun,1376.2,0,1376.2,117.13,Target Achieved,Target Achieved,Good Availability,Good Utilisation,High Downtime,Effective,No Production Shortfall,Medium Risk
2025-06-13,Mankokobi Coal Mine,South Pit,6852.3,7579.2,79.7,86.5,8.8,2025,6,Jun,-726.9,726.9,0,90.41,Below Target,Underperforming,Poor Availability,Good Utilisation,Moderate Downtime,Availability Constraint,Low Equipment Availability,Medium Risk
2025-06-14,Mankokobi Coal Mine,Central Pit,8711,7959.8,87.2,87.7,9.3,2025,6,Jun,751.2,0,751.2,109.44,Target Achieved,Target Achieved,Moderate Availability,Good Utilisation,Moderate Downtime,Needs Investigation,No Production Shortfall,Medium Risk
2025-06-14,Mankokobi Coal Mine,North Pit,8845.5,8077,78.6,70.2,5,2025,6,Jun,768.5,0,768.5,109.51,Target Achieved,Target Achieved,Poor Availability,Poor Utilisation,Low Downtime,Availability Constraint,No Production Shortfall,Medium Risk
2025-06-14,Mankokobi Coal Mine,South Pit,6892.1,6838.1,80.7,75.1,6.1,2025,6,Jun,54,0,54,100.79,Target Achieved,Target Achieved,Moderate Availability,Moderate Utilisation,Moderate Downtime,Needs Investigation,No Production Shortfall,Medium Risk
2025-06-15,Mankokobi Coal Mine,Central Pit,8213.5,7601.4,82.9,84.2,7.4,2025,6,Jun,612.1,0,612.1,108.05,Target Achieved,Target Achieved,Moderate Availability,Moderate Utilisation,Moderate Downtime,Needs Investigation,No Production Shortfall,Low Risk
2025-06-15,Mankokobi Coal Mine,North Pit,8000.5,8083.5,78.8,68.7,15.1,2025,6,Jun,-83,83,0,98.97,Below Target,Slightly Below Target,Poor Availability,Poor Utilisation,High Downtime,Availability Constraint,High Downtime / Low Availability,High Risk
2025-06-15,Mankokobi Coal Mine,South Pit,5986.4,6491,78.9,72.2,9.7,2025,6,Jun,-504.6,504.6,0,92.23,Below Target,Underperforming,Poor Availability,Poor Utilisation,Moderate Downtime,Availability Constraint,Low Equipment Availability,Medium Risk
2025-06-16,Mankokobi Coal Mine,Central Pit,7017.7,7662.2,89,79.4,9.2,2025,6,Jun,-644.5,644.5,0,91.59,Below Target,Underperforming,Moderate Availability,Moderate Utilisation,Moderate Downtime,Needs Investigation,Further Investigation Required,Medium Risk
2025-06-16,Mankokobi Coal Mine,North Pit,7823.5,7887.8,82.5,79.5,9,2025,6,Jun,-64.3,64.3,0,99.18,Below Target,Slightly Below Target,Moderate Availability,Moderate Utilisation,Moderate Downtime,Needs Investigation,Further Investigation Required,Medium Risk
2025-06-16,Mankokobi Coal Mine,South Pit,5678.6,6398.4,92.6,83.7,10,2025,6,Jun,-719.8,719.8,0,88.75,Below Target,Critical Underperformance,Good Availability,Moderate Utilisation,High Downtime,Needs Investigation,Further Investigation Required,Medium Risk
2025-06-17,Mankokobi Coal Mine,Central Pit,6906.2,7945.1,89.9,80.7,9.9,2025,6,Jun,-1038.9,1038.9,0,86.92,Below Target,Critical Underperformance,Moderate Availability,Moderate Utilisation,Moderate Downtime,Needs Investigation,Further Investigation Required,Medium Risk
2025-06-17,Mankokobi Coal Mine,North Pit,6461.9,7583.8,93.1,82.6,11.4,2025,6,Jun,-1121.9,1121.9,0,85.21,Below Target,Critical Underperformance,Good Availability,Moderate Utilisation,High Downtime,Needs Investigation,Further Investigation Required,Medium Risk
2025-06-17,Mankokobi Coal Mine,South Pit,6415.7,6591.4,97.3,78.3,5.9,2025,6,Jun,-175.7,175.7,0,97.33,Below Target,Slightly Below Target,Good Availability,Moderate Utilisation,Low Downtime,Needs Investigation,Further Investigation Required,Medium Risk
2025-06-18,Mankokobi Coal Mine,Central Pit,7342.2,7294.1,87.2,80.2,7.5,2025,6,Jun,48.1,0,48.1,100.66,Target Achieved,Target Achieved,Moderate Availability,Moderate Utilisation,Moderate Downtime,Needs Investigation,No Production Shortfall,Low Risk
2025-06-18,Mankokobi Coal Mine,North Pit,8202.8,8554.8,87.7,85.9,5.3,2025,6,Jun,-352,352,0,95.89,Below Target,Slightly Below Target,Moderate Availability,Good Utilisation,Low Downtime,Needs Investigation,Further Investigation Required,Low Risk
2025-06-18,Mankokobi Coal Mine,South Pit,7519.2,6780.6,79.2,90.2,11.4,2025,6,Jun,738.6,0,738.6,110.89,Target Achieved,Target Achieved,Poor Availability,Good Utilisation,High Downtime,Availability Constraint,No Production Shortfall,Medium Risk
2025-06-19,Mankokobi Coal Mine,Central Pit,6670.4,7324.7,84.2,71.6,4.2,2025,6,Jun,-654.3,654.3,0,91.07,Below Target,Underperforming,Moderate Availability,Poor Utilisation,Low Downtime,Needs Investigation,Low Equipment Utilisation,Medium Risk
2025-06-19,Mankokobi Coal Mine,North Pit,8980,8654.8,82.6,80.5,3.7,2025,6,Jun,325.2,0,325.2,103.76,Target Achieved,Target Achieved,Moderate Availability,Moderate Utilisation,Low Downtime,Needs Investigation,No Production Shortfall,Low Risk
2025-06-19,Mankokobi Coal Mine,South Pit,8368.7,7749.1,86.3,89.3,4.3,2025,6,Jun,619.6,0,619.6,108,Target Achieved,Target Achieved,Moderate Availability,Good Utilisation,Low Downtime,Needs Investigation,No Production Shortfall,Low Risk
2025-06-20,Mankokobi Coal Mine,Central Pit,9569.6,8318.7,91.7,79.1,4.2,2025,6,Jun,1250.9,0,1250.9,115.04,Target Achieved,Target Achieved,Good Availability,Moderate Utilisation,Low Downtime,Needs Investigation,No Production Shortfall,Medium Risk
2025-06-20,Mankokobi Coal Mine,North Pit,9019.4,8507.7,90.6,78.5,5.4,2025,6,Jun,511.7,0,511.7,106.01,Target Achieved,Target Achieved,Good Availability,Moderate Utilisation,Low Downtime,Needs Investigation,No Production Shortfall,Medium Risk
2025-06-20,Mankokobi Coal Mine,South Pit,8776.2,7278.4,86.8,85.5,6,2025,6,Jun,1497.8,0,1497.8,120.58,Target Achieved,Target Achieved,Moderate Availability,Good Utilisation,Moderate Downtime,Needs Investigation,No Production Shortfall,Low Risk
2025-06-21,Mankokobi Coal Mine,Central Pit,8127.5,7060.5,91.8,73.8,7.6,2025,6,Jun,1067,0,1067,115.11,Target Achieved,Target Achieved,Good Availability,Poor Utilisation,Moderate Downtime,Available but Underutilised,No Production Shortfall,Medium Risk
2025-06-21,Mankokobi Coal Mine,North Pit,9051.7,8641.6,86.5,85.7,7.7,2025,6,Jun,410.1,0,410.1,104.75,Target Achieved,Target Achieved,Moderate Availability,Good Utilisation,Moderate Downtime,Needs Investigation,No Production Shortfall,Low Risk
2025-06-21,Mankokobi Coal Mine,South Pit,5963.9,7206.4,89,74.6,3.8,2025,6,Jun,-1242.5,1242.5,0,82.76,Below Target,Critical Underperformance,Moderate Availability,Poor Utilisation,Low Downtime,Needs Investigation,Low Equipment Utilisation,Medium Risk
2025-06-22,Mankokobi Coal Mine,Central Pit,6958.3,7776.2,85.9,90.2,5.9,2025,6,Jun,-817.9,817.9,0,89.48,Below Target,Critical Underperformance,Moderate Availability,Good Utilisation,Low Downtime,Needs Investigation,Further Investigation Required,Low Risk
2025-06-22,Mankokobi Coal Mine,North Pit,7605.9,8278.3,77.4,77.9,14.6,2025,6,Jun,-672.4,672.4,0,91.88,Below Target,Underperforming,Poor Availability,Moderate Utilisation,High Downtime,Availability Constraint,High Downtime / Low Availability,High Risk
2025-06-22,Mankokobi Coal Mine,South Pit,6964.7,6829.6,86.5,83.5,10.9,2025,6,Jun,135.1,0,135.1,101.98,Target Achieved,Target Achieved,Moderate Availability,Moderate Utilisation,High Downtime,Needs Investigation,No Production Shortfall,Medium Risk
2025-06-23,Mankokobi Coal Mine,Central Pit,7850.2,8992.2,94.8,68.5,11.1,2025,6,Jun,-1142,1142,0,87.3,Below Target,Critical Underperformance,Good Availability,Poor Utilisation,High Downtime,Available but Underutilised,Low Equipment Utilisation,High Risk
2025-06-23,Mankokobi Coal Mine,North Pit,7058.9,7945,89.8,70.9,5.8,2025,6,Jun,-886.1,886.1,0,88.85,Below Target,Critical Underperformance,Moderate Availability,Poor Utilisation,Low Downtime,Needs Investigation,Low Equipment Utilisation,Medium Risk
2025-06-23,Mankokobi Coal Mine,South Pit,5772.2,6647.5,93.5,70,8.2,2025,6,Jun,-875.3,875.3,0,86.83,Below Target,Critical Underperformance,Good Availability,Poor Utilisation,Moderate Downtime,Available but Underutilised,Low Equipment Utilisation,Medium Risk
2025-06-24,Mankokobi Coal Mine,Central Pit,7905.3,7838.1,92.7,79.2,10.3,2025,6,Jun,67.2,0,67.2,100.86,Target Achieved,Target Achieved,Good Availability,Moderate Utilisation,High Downtime,Needs Investigation,No Production Shortfall,Medium Risk
2025-06-24,Mankokobi Coal Mine,North Pit,10261.7,8148.7,83.3,79.2,5.3,2025,6,Jun,2113,0,2113,125.93,Target Achieved,Target Achieved,Moderate Availability,Moderate Utilisation,Low Downtime,Needs Investigation,No Production Shortfall,Medium Risk
2025-06-24,Mankokobi Coal Mine,South Pit,7090.6,7875.8,81.8,81.3,5.2,2025,6,Jun,-785.2,785.2,0,90.03,Below Target,Underperforming,Moderate Availability,Moderate Utilisation,Low Downtime,Needs Investigation,Further Investigation Required,Low Risk
2025-06-25,Mankokobi Coal Mine,Central Pit,7001,7321.3,81.1,76.5,8.3,2025,6,Jun,-320.3,320.3,0,95.63,Below Target,Slightly Below Target,Moderate Availability,Moderate Utilisation,Moderate Downtime,Needs Investigation,Further Investigation Required,Medium Risk
2025-06-25,Mankokobi Coal Mine,North Pit,8971.7,7776.5,92.1,78.8,5.1,2025,6,Jun,1195.2,0,1195.2,115.37,Target Achieved,Target Achieved,Good Availability,Moderate Utilisation,Low Downtime,Needs Investigation,No Production Shortfall,Medium Risk
2025-06-25,Mankokobi Coal Mine,South Pit,5905.1,6297,91.3,77,5.7,2025,6,Jun,-391.9,391.9,0,93.78,Below Target,Underperforming,Good Availability,Moderate Utilisation,Low Downtime,Needs Investigation,Further Investigation Required,Medium Risk
2025-06-26,Mankokobi Coal Mine,Central Pit,7108,8126.9,93.8,78,7.3,2025,6,Jun,-1018.9,1018.9,0,87.46,Below Target,Critical Underperformance,Good Availability,Moderate Utilisation,Moderate Downtime,Needs Investigation,Further Investigation Required,Medium Risk
2025-06-26,Mankokobi Coal Mine,North Pit,7165.3,8700.6,98,66.9,8.5,2025,6,Jun,-1535.3,1535.3,0,82.35,Below Target,Critical Underperformance,Good Availability,Poor Utilisation,Moderate Downtime,Available but Underutilised,Low Equipment Utilisation,High Risk
2025-06-26,Mankokobi Coal Mine,South Pit,7092.4,7080.8,93.1,70.9,9.1,2025,6,Jun,11.6,0,11.6,100.16,Target Achieved,Target Achieved,Good Availability,Poor Utilisation,Moderate Downtime,Available but Underutilised,No Production Shortfall,Medium Risk
2025-06-27,Mankokobi Coal Mine,Central Pit,6861.8,8017.2,86.7,78.3,7.4,2025,6,Jun,-1155.4,1155.4,0,85.59,Below Target,Critical Underperformance,Moderate Availability,Moderate Utilisation,Moderate Downtime,Needs Investigation,Further Investigation Required,Medium Risk
2025-06-27,Mankokobi Coal Mine,North Pit,7374.2,8080.1,83.7,81,5.5,2025,6,Jun,-705.9,705.9,0,91.26,Below Target,Underperforming,Moderate Availability,Moderate Utilisation,Low Downtime,Needs Investigation,Further Investigation Required,Low Risk
2025-06-27,Mankokobi Coal Mine,South Pit,7418.9,6906.1,83.8,92.2,9.8,2025,6,Jun,512.8,0,512.8,107.43,Target Achieved,Target Achieved,Moderate Availability,Good Utilisation,Moderate Downtime,Needs Investigation,No Production Shortfall,Medium Risk
2025-06-28,Mankokobi Coal Mine,Central Pit,7484.7,6681.4,87,76.3,5.3,2025,6,Jun,803.3,0,803.3,112.02,Target Achieved,Target Achieved,Moderate Availability,Moderate Utilisation,Low Downtime,Needs Investigation,No Production Shortfall,Medium Risk
2025-06-28,Mankokobi Coal Mine,North Pit,8629.5,8351.4,97.7,80.6,11.2,2025,6,Jun,278.1,0,278.1,103.33,Target Achieved,Target Achieved,Good Availability,Moderate Utilisation,High Downtime,Needs Investigation,No Production Shortfall,Medium Risk
2025-06-28,Mankokobi Coal Mine,South Pit,6215.5,6559.7,87.7,86.7,11.7,2025,6,Jun,-344.2,344.2,0,94.75,Below Target,Underperforming,Moderate Availability,Good Utilisation,High Downtime,Needs Investigation,Further Investigation Required,Medium Risk
2025-06-29,Mankokobi Coal Mine,Central Pit,6942.4,7342.7,89.2,86.4,7.5,2025,6,Jun,-400.3,400.3,0,94.55,Below Target,Underperforming,Moderate Availability,Good Utilisation,Moderate Downtime,Needs Investigation,Further Investigation Required,Low Risk
2025-06-29,Mankokobi Coal Mine,North Pit,8076.2,8093.3,93.2,81.5,4.2,2025,6,Jun,-17.1,17.1,0,99.79,Below Target,Slightly Below Target,Good Availability,Moderate Utilisation,Low Downtime,Needs Investigation,Further Investigation Required,Low Risk
2025-06-29,Mankokobi Coal Mine,South Pit,5478.4,6428.8,84.2,69.2,4.2,2025,6,Jun,-950.4,950.4,0,85.22,Below Target,Critical Underperformance,Moderate Availability,Poor Utilisation,Low Downtime,Needs Investigation,Low Equipment Utilisation,High Risk
2025-06-30,Mankokobi Coal Mine,Central Pit,8549.7,7515.7,98,79.9,4.2,2025,6,Jun,1034,0,1034,113.76,Target Achieved,Target Achieved,Good Availability,Moderate Utilisation,Low Downtime,Needs Investigation,No Production Shortfall,Medium Risk
2025-06-30,Mankokobi Coal Mine,North Pit,8702.9,7938.1,75.9,84.3,12.2,2025,6,Jun,764.8,0,764.8,109.63,Target Achieved,Target Achieved,Poor Availability,Moderate Utilisation,High Downtime,Availability Constraint,No Production Shortfall,High Risk
2025-06-30,Mankokobi Coal Mine,South Pit,7605.3,7114.9,96,82.9,10.8,2025,6,Jun,490.4,0,490.4,106.89,Target Achieved,Target Achieved,Good Availability,Moderate Utilisation,High Downtime,Needs Investigation,No Production Shortfall,Medium Risk
2025-07-01,Mankokobi Coal Mine,Central Pit,7627.3,7403.8,85.4,80.1,11.8,2025,7,Jul,223.5,0,223.5,103.02,Target Achieved,Target Achieved,Moderate Availability,Moderate Utilisation,High Downtime,Needs Investigation,No Production Shortfall,Medium Risk
2025-07-01,Mankokobi Coal Mine,North Pit,8689.6,7688.4,88.3,85.5,10.3,2025,7,Jul,1001.2,0,1001.2,113.02,Target Achieved,Target Achieved,Moderate Availability,Good Utilisation,High Downtime,Needs Investigation,No Production Shortfall,Medium Risk
2025-07-01,Mankokobi Coal Mine,South Pit,7322.8,7146.7,95.9,83.5,8.8,2025,7,Jul,176.1,0,176.1,102.46,Target Achieved,Target Achieved,Good Availability,Moderate Utilisation,Moderate Downtime,Needs Investigation,No Production Shortfall,Medium Risk
2025-07-02,Mankokobi Coal Mine,Central Pit,6747.4,7313.2,82.5,72.7,7.4,2025,7,Jul,-565.8,565.8,0,92.26,Below Target,Underperforming,Moderate Availability,Poor Utilisation,Moderate Downtime,Needs Investigation,Low Equipment Utilisation,Medium Risk
2025-07-02,Mankokobi Coal Mine,North Pit,7511.1,7732,90.2,90.7,6,2025,7,Jul,-220.9,220.9,0,97.14,Below Target,Slightly Below Target,Good Availability,Good Utilisation,Moderate Downtime,Effective,Non-Equipment Constraint,Low Risk
2025-07-02,Mankokobi Coal Mine,South Pit,7827.2,6904.1,93,71.6,11,2025,7,Jul,923.1,0,923.1,113.37,Target Achieved,Target Achieved,Good Availability,Poor Utilisation,High Downtime,Available but Underutilised,No Production Shortfall,Medium Risk
2025-07-03,Mankokobi Coal Mine,Central Pit,6975.5,7667.4,91,69.8,5.3,2025,7,Jul,-691.9,691.9,0,90.98,Below Target,Underperforming,Good Availability,Poor Utilisation,Low Downtime,Available but Underutilised,Low Equipment Utilisation,High Risk
2025-07-03,Mankokobi Coal Mine,North Pit,7742.2,8687.5,91.3,84.5,6,2025,7,Jul,-945.3,945.3,0,89.12,Below Target,Critical Underperformance,Good Availability,Moderate Utilisation,Moderate Downtime,Needs Investigation,Further Investigation Required,Low Risk
2025-07-03,Mankokobi Coal Mine,South Pit,6755.5,6435.7,91.9,67.3,9.6,2025,7,Jul,319.8,0,319.8,104.97,Target Achieved,Target Achieved,Good Availability,Poor Utilisation,Moderate Downtime,Available but Underutilised,No Production Shortfall,High Risk
2025-07-04,Mankokobi Coal Mine,Central Pit,7084.2,7157.3,95.9,74.8,5.9,2025,7,Jul,-73.1,73.1,0,98.98,Below Target,Slightly Below Target,Good Availability,Poor Utilisation,Low Downtime,Available but Underutilised,Low Equipment Utilisation,Medium Risk
2025-07-04,Mankokobi Coal Mine,North Pit,8818.6,8430.4,91.4,73.1,4.4,2025,7,Jul,388.2,0,388.2,104.6,Target Achieved,Target Achieved,Good Availability,Poor Utilisation,Low Downtime,Available but Underutilised,No Production Shortfall,Medium Risk
2025-07-04,Mankokobi Coal Mine,South Pit,6754,7042.2,79.4,78.7,8,2025,7,Jul,-288.2,288.2,0,95.91,Below Target,Slightly Below Target,Poor Availability,Moderate Utilisation,Moderate Downtime,Availability Constraint,Low Equipment Availability,Medium Risk
2025-07-05,Mankokobi Coal Mine,Central Pit,7678.6,7916.6,91.4,70.9,3.8,2025,7,Jul,-238,238,0,96.99,Below Target,Slightly Below Target,Good Availability,Poor Utilisation,Low Downtime,Available but Underutilised,Low Equipment Utilisation,Medium Risk
2025-07-05,Mankokobi Coal Mine,North Pit,8880.3,8476.2,86.4,74.7,8.8,2025,7,Jul,404.1,0,404.1,104.77,Target Achieved,Target Achieved,Moderate Availability,Poor Utilisation,Moderate Downtime,Needs Investigation,No Production Shortfall,Medium Risk
2025-07-05,Mankokobi Coal Mine,South Pit,7765.1,7424.2,84.7,65.3,9.5,2025,7,Jul,340.9,0,340.9,104.59,Target Achieved,Target Achieved,Moderate Availability,Poor Utilisation,Moderate Downtime,Needs Investigation,No Production Shortfall,High Risk
2025-07-06,Mankokobi Coal Mine,Central Pit,9225.2,8004,89.8,89.4,12.5,2025,7,Jul,1221.2,0,1221.2,115.26,Target Achieved,Target Achieved,Moderate Availability,Good Utilisation,High Downtime,Needs Investigation,No Production Shortfall,High Risk
2025-07-06,Mankokobi Coal Mine,North Pit,9259.9,8447.1,95.3,80.7,8.7,2025,7,Jul,812.8,0,812.8,109.62,Target Achieved,Target Achieved,Good Availability,Moderate Utilisation,Moderate Downtime,Needs Investigation,No Production Shortfall,Medium Risk
2025-07-06,Mankokobi Coal Mine,South Pit,7643.5,6715.8,96.6,72.3,5.7,2025,7,Jul,927.7,0,927.7,113.81,Target Achieved,Target Achieved,Good Availability,Poor Utilisation,Low Downtime,Available but Underutilised,No Production Shortfall,Medium Risk
2025-07-07,Mankokobi Coal Mine,Central Pit,7883.1,7844.2,92.9,73.9,7.7,2025,7,Jul,38.9,0,38.9,100.5,Target Achieved,Target Achieved,Good Availability,Poor Utilisation,Moderate Downtime,Available but Underutilised,No Production Shortfall,Medium Risk
2025-07-07,Mankokobi Coal Mine,North Pit,8832.2,8476.4,88.9,76.6,8.3,2025,7,Jul,355.8,0,355.8,104.2,Target Achieved,Target Achieved,Moderate Availability,Moderate Utilisation,Moderate Downtime,Needs Investigation,No Production Shortfall,Medium Risk
2025-07-07,Mankokobi Coal Mine,South Pit,7252,7400.1,94.4,81.9,5.1,2025,7,Jul,-148.1,148.1,0,98,Below Target,Slightly Below Target,Good Availability,Moderate Utilisation,Low Downtime,Needs Investigation,Further Investigation Required,Low Risk
2025-07-08,Mankokobi Coal Mine,Central Pit,7889.9,7738.4,82.4,69.6,9.9,2025,7,Jul,151.5,0,151.5,101.96,Target Achieved,Target Achieved,Moderate Availability,Poor Utilisation,Moderate Downtime,Needs Investigation,No Production Shortfall,High Risk
2025-07-08,Mankokobi Coal Mine,North Pit,10053.1,9032.5,88,85.1,6.1,2025,7,Jul,1020.6,0,1020.6,111.3,Target Achieved,Target Achieved,Moderate Availability,Good Utilisation,Moderate Downtime,Needs Investigation,No Production Shortfall,Low Risk
2025-07-08,Mankokobi Coal Mine,South Pit,7897.1,7750.7,85.1,75.7,3.8,2025,7,Jul,146.4,0,146.4,101.89,Target Achieved,Target Achieved,Moderate Availability,Moderate Utilisation,Low Downtime,Needs Investigation,No Production Shortfall,Medium Risk
2025-07-09,Mankokobi Coal Mine,Central Pit,7304.5,7570.5,91.1,60.3,5,2025,7,Jul,-266,266,0,96.49,Below Target,Slightly Below Target,Good Availability,Poor Utilisation,Low Downtime,Available but Underutilised,Low Equipment Utilisation,High Risk
2025-07-09,Mankokobi Coal Mine,North Pit,8730,8381.1,95.3,83.9,10.8,2025,7,Jul,348.9,0,348.9,104.16,Target Achieved,Target Achieved,Good Availability,Moderate Utilisation,High Downtime,Needs Investigation,No Production Shortfall,Medium Risk
2025-07-09,Mankokobi Coal Mine,South Pit,6498.2,6115.7,91,79.1,8.9,2025,7,Jul,382.5,0,382.5,106.25,Target Achieved,Target Achieved,Good Availability,Moderate Utilisation,Moderate Downtime,Needs Investigation,No Production Shortfall,Medium Risk
2025-07-10,Mankokobi Coal Mine,Central Pit,8473.3,7960.7,89.4,80.3,5.5,2025,7,Jul,512.6,0,512.6,106.44,Target Achieved,Target Achieved,Moderate Availability,Moderate Utilisation,Low Downtime,Needs Investigation,No Production Shortfall,Low Risk
2025-07-10,Mankokobi Coal Mine,North Pit,7517.2,7932.1,87.2,77.5,4.4,2025,7,Jul,-414.9,414.9,0,94.77,Below Target,Underperforming,Moderate Availability,Moderate Utilisation,Low Downtime,Needs Investigation,Further Investigation Required,Medium Risk
2025-07-10,Mankokobi Coal Mine,South Pit,6621.5,7130.9,83.6,84.3,12.6,2025,7,Jul,-509.4,509.4,0,92.86,Below Target,Underperforming,Moderate Availability,Moderate Utilisation,High Downtime,Needs Investigation,Further Investigation Required,High Risk
2025-07-11,Mankokobi Coal Mine,Central Pit,6726.3,7307.6,86.9,76.6,4.2,2025,7,Jul,-581.3,581.3,0,92.05,Below Target,Underperforming,Moderate Availability,Moderate Utilisation,Low Downtime,Needs Investigation,Further Investigation Required,Medium Risk
2025-07-11,Mankokobi Coal Mine,North Pit,8089.2,8262.1,88.4,86.3,4.2,2025,7,Jul,-172.9,172.9,0,97.91,Below Target,Slightly Below Target,Moderate Availability,Good Utilisation,Low Downtime,Needs Investigation,Further Investigation Required,Low Risk
2025-07-11,Mankokobi Coal Mine,South Pit,6324.4,6549.4,84.1,65.9,4.5,2025,7,Jul,-225,225,0,96.56,Below Target,Slightly Below Target,Moderate Availability,Poor Utilisation,Low Downtime,Needs Investigation,Low Equipment Utilisation,High Risk
2025-07-12,Mankokobi Coal Mine,Central Pit,6707.2,7258.5,93.8,70.9,4.8,2025,7,Jul,-551.3,551.3,0,92.4,Below Target,Underperforming,Good Availability,Poor Utilisation,Low Downtime,Available but Underutilised,Low Equipment Utilisation,Medium Risk
2025-07-12,Mankokobi Coal Mine,North Pit,8274.4,8012.1,86.7,77.6,6.1,2025,7,Jul,262.3,0,262.3,103.27,Target Achieved,Target Achieved,Moderate Availability,Moderate Utilisation,Moderate Downtime,Needs Investigation,No Production Shortfall,Medium Risk
2025-07-12,Mankokobi Coal Mine,South Pit,6500,6494.6,80.9,74.8,5.5,2025,7,Jul,5.4,0,5.4,100.08,Target Achieved,Target Achieved,Moderate Availability,Poor Utilisation,Low Downtime,Needs Investigation,No Production Shortfall,Medium Risk
2025-07-13,Mankokobi Coal Mine,Central Pit,6180,7511.3,83.3,82,10.8,2025,7,Jul,-1331.3,1331.3,0,82.28,Below Target,Critical Underperformance,Moderate Availability,Moderate Utilisation,High Downtime,Needs Investigation,Further Investigation Required,Medium Risk
2025-07-13,Mankokobi Coal Mine,North Pit,7602.4,7950.3,89.8,84.2,5,2025,7,Jul,-347.9,347.9,0,95.62,Below Target,Slightly Below Target,Moderate Availability,Moderate Utilisation,Low Downtime,Needs Investigation,Further Investigation Required,Low Risk
2025-07-13,Mankokobi Coal Mine,South Pit,6846.6,6937.5,82.2,69.8,9.2,2025,7,Jul,-90.9,90.9,0,98.69,Below Target,Slightly Below Target,Moderate Availability,Poor Utilisation,Moderate Downtime,Needs Investigation,Low Equipment Utilisation,High Risk
2025-07-14,Mankokobi Coal Mine,Central Pit,7893.4,6990.9,75.2,81.8,11.7,2025,7,Jul,902.5,0,902.5,112.91,Target Achieved,Target Achieved,Poor Availability,Moderate Utilisation,High Downtime,Availability Constraint,No Production Shortfall,Medium Risk
2025-07-14,Mankokobi Coal Mine,North Pit,7313.7,8070,78.2,77.4,7.8,2025,7,Jul,-756.3,756.3,0,90.63,Below Target,Underperforming,Poor Availability,Moderate Utilisation,Moderate Downtime,Availability Constraint,Low Equipment Availability,Medium Risk
2025-07-14,Mankokobi Coal Mine,South Pit,5731.7,7040.9,90,80.8,11.2,2025,7,Jul,-1309.2,1309.2,0,81.41,Below Target,Critical Underperformance,Good Availability,Moderate Utilisation,High Downtime,Needs Investigation,Further Investigation Required,Medium Risk
2025-07-15,Mankokobi Coal Mine,Central Pit,7711.2,8067.1,87.7,84.7,7.3,2025,7,Jul,-355.9,355.9,0,95.59,Below Target,Slightly Below Target,Moderate Availability,Moderate Utilisation,Moderate Downtime,Needs Investigation,Further Investigation Required,Low Risk
2025-07-15,Mankokobi Coal Mine,North Pit,7433.3,7578.7,85.3,89.9,8,2025,7,Jul,-145.4,145.4,0,98.08,Below Target,Slightly Below Target,Moderate Availability,Good Utilisation,Moderate Downtime,Needs Investigation,Further Investigation Required,Low Risk
2025-07-15,Mankokobi Coal Mine,South Pit,6670.9,6586.5,77.2,74.6,6.6,2025,7,Jul,84.4,0,84.4,101.28,Target Achieved,Target Achieved,Poor Availability,Poor Utilisation,Moderate Downtime,Availability Constraint,No Production Shortfall,Medium Risk
2025-07-16,Mankokobi Coal Mine,Central Pit,6775,6574.3,92.8,71.8,8.7,2025,7,Jul,200.7,0,200.7,103.05,Target Achieved,Target Achieved,Good Availability,Poor Utilisation,Moderate Downtime,Available but Underutilised,No Production Shortfall,Medium Risk
2025-07-16,Mankokobi Coal Mine,North Pit,8784.2,8945,96.9,93.5,5.7,2025,7,Jul,-160.8,160.8,0,98.2,Below Target,Slightly Below Target,Good Availability,Good Utilisation,Low Downtime,Effective,Non-Equipment Constraint,Low Risk
2025-07-16,Mankokobi Coal Mine,South Pit,6139.4,6553.1,83.4,73.7,11,2025,7,Jul,-413.7,413.7,0,93.69,Below Target,Underperforming,Moderate Availability,Poor Utilisation,High Downtime,Needs Investigation,Low Equipment Utilisation,Medium Risk
2025-07-17,Mankokobi Coal Mine,Central Pit,7771.1,8040.7,85.2,73,8.6,2025,7,Jul,-269.6,269.6,0,96.65,Below Target,Slightly Below Target,Moderate Availability,Poor Utilisation,Moderate Downtime,Needs Investigation,Low Equipment Utilisation,Medium Risk
2025-07-17,Mankokobi Coal Mine,North Pit,8507.1,8260.8,87,78.5,4.9,2025,7,Jul,246.3,0,246.3,102.98,Target Achieved,Target Achieved,Moderate Availability,Moderate Utilisation,Low Downtime,Needs Investigation,No Production Shortfall,Medium Risk
2025-07-17,Mankokobi Coal Mine,South Pit,6301.2,6987.4,90.6,81.6,5.6,2025,7,Jul,-686.2,686.2,0,90.18,Below Target,Underperforming,Good Availability,Moderate Utilisation,Low Downtime,Needs Investigation,Further Investigation Required,Low Risk
2025-07-18,Mankokobi Coal Mine,Central Pit,8042.4,7624.9,90.1,87.5,5,2025,7,Jul,417.5,0,417.5,105.48,Target Achieved,Target Achieved,Good Availability,Good Utilisation,Low Downtime,Effective,No Production Shortfall,Low Risk
2025-07-18,Mankokobi Coal Mine,North Pit,7498.9,8266.4,86.3,72.1,3.6,2025,7,Jul,-767.5,767.5,0,90.72,Below Target,Underperforming,Moderate Availability,Poor Utilisation,Low Downtime,Needs Investigation,Low Equipment Utilisation,Medium Risk
2025-07-18,Mankokobi Coal Mine,South Pit,5312.9,5877.3,84.8,77.8,11.9,2025,7,Jul,-564.4,564.4,0,90.4,Below Target,Underperforming,Moderate Availability,Moderate Utilisation,High Downtime,Needs Investigation,Further Investigation Required,Medium Risk
2025-07-19,Mankokobi Coal Mine,Central Pit,6826.7,7218.2,90.5,58.8,9,2025,7,Jul,-391.5,391.5,0,94.58,Below Target,Underperforming,Good Availability,Poor Utilisation,Moderate Downtime,Available but Underutilised,Low Equipment Utilisation,High Risk
2025-07-19,Mankokobi Coal Mine,North Pit,8318,7787.4,84,77.5,7.8,2025,7,Jul,530.6,0,530.6,106.81,Target Achieved,Target Achieved,Moderate Availability,Moderate Utilisation,Moderate Downtime,Needs Investigation,No Production Shortfall,Medium Risk
2025-07-19,Mankokobi Coal Mine,South Pit,6486.2,7317.1,86,73.8,8.2,2025,7,Jul,-830.9,830.9,0,88.64,Below Target,Critical Underperformance,Moderate Availability,Poor Utilisation,Moderate Downtime,Needs Investigation,Low Equipment Utilisation,Medium Risk
2025-07-20,Mankokobi Coal Mine,Central Pit,7262.5,7506,85.2,86.4,5,2025,7,Jul,-243.5,243.5,0,96.76,Below Target,Slightly Below Target,Moderate Availability,Good Utilisation,Low Downtime,Needs Investigation,Further Investigation Required,Low Risk
2025-07-20,Mankokobi Coal Mine,North Pit,11369.6,8411.9,89.2,81.6,4.1,2025,7,Jul,2957.7,0,2957.7,135.16,Target Achieved,Target Achieved,Moderate Availability,Moderate Utilisation,Low Downtime,Needs Investigation,No Production Shortfall,Low Risk
2025-07-20,Mankokobi Coal Mine,South Pit,6894.9,6771.8,85.7,74,9.1,2025,7,Jul,123.1,0,123.1,101.82,Target Achieved,Target Achieved,Moderate Availability,Poor Utilisation,Moderate Downtime,Needs Investigation,No Production Shortfall,Medium Risk
2025-07-21,Mankokobi Coal Mine,Central Pit,7679.6,7237.9,90,72.9,9.7,2025,7,Jul,441.7,0,441.7,106.1,Target Achieved,Target Achieved,Good Availability,Poor Utilisation,Moderate Downtime,Available but Underutilised,No Production Shortfall,Medium Risk
2025-07-21,Mankokobi Coal Mine,North Pit,7263.9,7704.4,85,86.5,7.1,2025,7,Jul,-440.5,440.5,0,94.28,Below Target,Underperforming,Moderate Availability,Good Utilisation,Moderate Downtime,Needs Investigation,Further Investigation Required,Low Risk
2025-07-21,Mankokobi Coal Mine,South Pit,6937.3,7115.1,88.6,73.5,3.8,2025,7,Jul,-177.8,177.8,0,97.5,Below Target,Slightly Below Target,Moderate Availability,Poor Utilisation,Low Downtime,Needs Investigation,Low Equipment Utilisation,Medium Risk
2025-07-22,Mankokobi Coal Mine,Central Pit,6586.2,7692.2,89.1,82.9,9.7,2025,7,Jul,-1106,1106,0,85.62,Below Target,Critical Underperformance,Moderate Availability,Moderate Utilisation,Moderate Downtime,Needs Investigation,Further Investigation Required,Medium Risk
2025-07-22,Mankokobi Coal Mine,North Pit,8621.1,8101.7,95.1,73,6.7,2025,7,Jul,519.4,0,519.4,106.41,Target Achieved,Target Achieved,Good Availability,Poor Utilisation,Moderate Downtime,Available but Underutilised,No Production Shortfall,Medium Risk
2025-07-22,Mankokobi Coal Mine,South Pit,7705.4,7165.1,85.5,71.8,6.1,2025,7,Jul,540.3,0,540.3,107.54,Target Achieved,Target Achieved,Moderate Availability,Poor Utilisation,Moderate Downtime,Needs Investigation,No Production Shortfall,Medium Risk
2025-07-23,Mankokobi Coal Mine,Central Pit,6369.8,6738.1,85.8,85,12,2025,7,Jul,-368.3,368.3,0,94.53,Below Target,Underperforming,Moderate Availability,Good Utilisation,High Downtime,Needs Investigation,Further Investigation Required,Medium Risk
2025-07-23,Mankokobi Coal Mine,North Pit,7438.7,8489.7,93.7,70.4,4.3,2025,7,Jul,-1051,1051,0,87.62,Below Target,Critical Underperformance,Good Availability,Poor Utilisation,Low Downtime,Available but Underutilised,Low Equipment Utilisation,Medium Risk
2025-07-23,Mankokobi Coal Mine,South Pit,6647.9,6568.2,81.6,70.3,12.3,2025,7,Jul,79.7,0,79.7,101.21,Target Achieved,Target Achieved,Moderate Availability,Poor Utilisation,High Downtime,Needs Investigation,No Production Shortfall,High Risk
2025-07-24,Mankokobi Coal Mine,Central Pit,7888.1,7820.6,92.5,84.1,11,2025,7,Jul,67.5,0,67.5,100.86,Target Achieved,Target Achieved,Good Availability,Moderate Utilisation,High Downtime,Needs Investigation,No Production Shortfall,Medium Risk
2025-07-24,Mankokobi Coal Mine,North Pit,6702.4,8082.8,71.5,76.7,11.7,2025,7,Jul,-1380.4,1380.4,0,82.92,Below Target,Critical Underperformance,Poor Availability,Moderate Utilisation,High Downtime,Availability Constraint,High Downtime / Low Availability,High Risk
2025-07-24,Mankokobi Coal Mine,South Pit,6194.2,6350.7,97.6,84.5,11.7,2025,7,Jul,-156.5,156.5,0,97.54,Below Target,Slightly Below Target,Good Availability,Moderate Utilisation,High Downtime,Needs Investigation,Further Investigation Required,Medium Risk
2025-07-25,Mankokobi Coal Mine,Central Pit,6940.1,7217.1,82.2,86.6,4.7,2025,7,Jul,-277,277,0,96.16,Below Target,Slightly Below Target,Moderate Availability,Good Utilisation,Low Downtime,Needs Investigation,Further Investigation Required,Low Risk
2025-07-25,Mankokobi Coal Mine,North Pit,8532.4,7919.4,91.3,70.3,5.3,2025,7,Jul,613,0,613,107.74,Target Achieved,Target Achieved,Good Availability,Poor Utilisation,Low Downtime,Available but Underutilised,No Production Shortfall,Medium Risk
2025-07-25,Mankokobi Coal Mine,South Pit,5670,6865.4,97.4,77.6,6.3,2025,7,Jul,-1195.4,1195.4,0,82.59,Below Target,Critical Underperformance,Good Availability,Moderate Utilisation,Moderate Downtime,Needs Investigation,Further Investigation Required,Medium Risk
2025-07-26,Mankokobi Coal Mine,Central Pit,8366.8,7820.1,94.9,91.4,11.7,2025,7,Jul,546.7,0,546.7,106.99,Target Achieved,Target Achieved,Good Availability,Good Utilisation,High Downtime,Effective,No Production Shortfall,Medium Risk
2025-07-26,Mankokobi Coal Mine,North Pit,7483.5,7429,98,84.4,6.7,2025,7,Jul,54.5,0,54.5,100.73,Target Achieved,Target Achieved,Good Availability,Moderate Utilisation,Moderate Downtime,Needs Investigation,No Production Shortfall,Low Risk
2025-07-26,Mankokobi Coal Mine,South Pit,5994.5,6029.3,82.7,77.1,8.8,2025,7,Jul,-34.8,34.8,0,99.42,Below Target,Slightly Below Target,Moderate Availability,Moderate Utilisation,Moderate Downtime,Needs Investigation,Further Investigation Required,Medium Risk
2025-07-27,Mankokobi Coal Mine,Central Pit,7440.3,7470.2,86.8,71.3,5.2,2025,7,Jul,-29.9,29.9,0,99.6,Below Target,Slightly Below Target,Moderate Availability,Poor Utilisation,Low Downtime,Needs Investigation,Low Equipment Utilisation,Medium Risk
2025-07-27,Mankokobi Coal Mine,North Pit,7020.1,7572.9,87.5,79,10.2,2025,7,Jul,-552.8,552.8,0,92.7,Below Target,Underperforming,Moderate Availability,Moderate Utilisation,High Downtime,Needs Investigation,Further Investigation Required,Medium Risk
2025-07-27,Mankokobi Coal Mine,South Pit,6187.2,5985.1,91.2,77.5,6.7,2025,7,Jul,202.1,0,202.1,103.38,Target Achieved,Target Achieved,Good Availability,Moderate Utilisation,Moderate Downtime,Needs Investigation,No Production Shortfall,Medium Risk
2025-07-28,Mankokobi Coal Mine,Central Pit,6837.4,6611.6,93.7,81,7.9,2025,7,Jul,225.8,0,225.8,103.42,Target Achieved,Target Achieved,Good Availability,Moderate Utilisation,Moderate Downtime,Needs Investigation,No Production Shortfall,Low Risk
2025-07-28,Mankokobi Coal Mine,North Pit,6849.4,7837.4,98,81.9,5.9,2025,7,Jul,-988,988,0,87.39,Below Target,Critical Underperformance,Good Availability,Moderate Utilisation,Low Downtime,Needs Investigation,Further Investigation Required,Low Risk
2025-07-28,Mankokobi Coal Mine,South Pit,6667.5,6181.6,80.3,73.9,5.5,2025,7,Jul,485.9,0,485.9,107.86,Target Achieved,Target Achieved,Moderate Availability,Poor Utilisation,Low Downtime,Needs Investigation,No Production Shortfall,Medium Risk
2025-07-29,Mankokobi Coal Mine,Central Pit,8698.9,7954.6,85.5,75.1,7.7,2025,7,Jul,744.3,0,744.3,109.36,Target Achieved,Target Achieved,Moderate Availability,Moderate Utilisation,Moderate Downtime,Needs Investigation,No Production Shortfall,Medium Risk
2025-07-29,Mankokobi Coal Mine,North Pit,7825.3,7983.1,83.3,86.6,5.6,2025,7,Jul,-157.8,157.8,0,98.02,Below Target,Slightly Below Target,Moderate Availability,Good Utilisation,Low Downtime,Needs Investigation,Further Investigation Required,Low Risk
2025-07-29,Mankokobi Coal Mine,South Pit,8090.5,6923.3,87,80.4,3.9,2025,7,Jul,1167.2,0,1167.2,116.86,Target Achieved,Target Achieved,Moderate Availability,Moderate Utilisation,Low Downtime,Needs Investigation,No Production Shortfall,Low Risk
2025-07-30,Mankokobi Coal Mine,Central Pit,7580.3,8178.2,90.7,77.1,4.6,2025,7,Jul,-597.9,597.9,0,92.69,Below Target,Underperforming,Good Availability,Moderate Utilisation,Low Downtime,Needs Investigation,Further Investigation Required,Medium Risk
2025-07-30,Mankokobi Coal Mine,North Pit,6201.5,6913.5,84.4,81.2,12.3,2025,7,Jul,-712,712,0,89.7,Below Target,Critical Underperformance,Moderate Availability,Moderate Utilisation,High Downtime,Needs Investigation,Further Investigation Required,High Risk
2025-07-30,Mankokobi Coal Mine,South Pit,7083.1,7005.6,88.9,73.9,6.8,2025,7,Jul,77.5,0,77.5,101.11,Target Achieved,Target Achieved,Moderate Availability,Poor Utilisation,Moderate Downtime,Needs Investigation,No Production Shortfall,Medium Risk
2025-07-31,Mankokobi Coal Mine,Central Pit,6233.9,6813,84.1,76,7.3,2025,7,Jul,-579.1,579.1,0,91.5,Below Target,Underperforming,Moderate Availability,Moderate Utilisation,Moderate Downtime,Needs Investigation,Further Investigation Required,Medium Risk
2025-07-31,Mankokobi Coal Mine,North Pit,7281.5,7041.2,94.3,80.8,9.1,2025,7,Jul,240.3,0,240.3,103.41,Target Achieved,Target Achieved,Good Availability,Moderate Utilisation,Moderate Downtime,Needs Investigation,No Production Shortfall,Medium Risk
2025-07-31,Mankokobi Coal Mine,South Pit,6752,7240.4,95.1,76.8,5.2,2025,7,Jul,-488.4,488.4,0,93.25,Below Target,Underperforming,Good Availability,Moderate Utilisation,Low Downtime,Needs Investigation,Further Investigation Required,Medium Risk
2025-08-01,Mankokobi Coal Mine,Central Pit,6345.7,7476.7,93.6,78.1,10.2,2025,8,Aug,-1131,1131,0,84.87,Below Target,Critical Underperformance,Good Availability,Moderate Utilisation,High Downtime,Needs Investigation,Further Investigation Required,Medium Risk
2025-08-01,Mankokobi Coal Mine,North Pit,7644.3,8133.8,86.2,77.3,5.1,2025,8,Aug,-489.5,489.5,0,93.98,Below Target,Underperforming,Moderate Availability,Moderate Utilisation,Low Downtime,Needs Investigation,Further Investigation Required,Medium Risk
2025-08-01,Mankokobi Coal Mine,South Pit,7846.8,6825.9,91.8,69.1,10.4,2025,8,Aug,1020.9,0,1020.9,114.96,Target Achieved,Target Achieved,Good Availability,Poor Utilisation,High Downtime,Available but Underutilised,No Production Shortfall,High Risk
2025-08-02,Mankokobi Coal Mine,Central Pit,7518.5,7506.5,86.6,86.4,7.5,2025,8,Aug,12,0,12,100.16,Target Achieved,Target Achieved,Moderate Availability,Good Utilisation,Moderate Downtime,Needs Investigation,No Production Shortfall,Low Risk
2025-08-02,Mankokobi Coal Mine,North Pit,8373.9,8860.7,89.9,89.4,11,2025,8,Aug,-486.8,486.8,0,94.51,Below Target,Underperforming,Moderate Availability,Good Utilisation,High Downtime,Needs Investigation,Further Investigation Required,Medium Risk
2025-08-02,Mankokobi Coal Mine,South Pit,6658.8,7043,86.8,82.6,8,2025,8,Aug,-384.2,384.2,0,94.54,Below Target,Underperforming,Moderate Availability,Moderate Utilisation,Moderate Downtime,Needs Investigation,Further Investigation Required,Low Risk
2025-08-03,Mankokobi Coal Mine,Central Pit,7082.8,8058.8,84.2,87.2,10.8,2025,8,Aug,-976,976,0,87.89,Below Target,Critical Underperformance,Moderate Availability,Good Utilisation,High Downtime,Needs Investigation,Further Investigation Required,Medium Risk
2025-08-03,Mankokobi Coal Mine,North Pit,7556.9,7127.7,88.8,65.3,4,2025,8,Aug,429.2,0,429.2,106.02,Target Achieved,Target Achieved,Moderate Availability,Poor Utilisation,Low Downtime,Needs Investigation,No Production Shortfall,High Risk
2025-08-03,Mankokobi Coal Mine,South Pit,7133.2,6660.2,91.2,73.1,12.5,2025,8,Aug,473,0,473,107.1,Target Achieved,Target Achieved,Good Availability,Poor Utilisation,High Downtime,Available but Underutilised,No Production Shortfall,High Risk
2025-08-04,Mankokobi Coal Mine,Central Pit,5598.6,6826.8,91.1,81.2,7.4,2025,8,Aug,-1228.2,1228.2,0,82.01,Below Target,Critical Underperformance,Good Availability,Moderate Utilisation,Moderate Downtime,Needs Investigation,Further Investigation Required,Low Risk
2025-08-04,Mankokobi Coal Mine,North Pit,8714.2,8008.6,86.1,87,4.7,2025,8,Aug,705.6,0,705.6,108.81,Target Achieved,Target Achieved,Moderate Availability,Good Utilisation,Low Downtime,Needs Investigation,No Production Shortfall,Low Risk
2025-08-04,Mankokobi Coal Mine,South Pit,6205.1,6568.4,86.1,88.5,11.7,2025,8,Aug,-363.3,363.3,0,94.47,Below Target,Underperforming,Moderate Availability,Good Utilisation,High Downtime,Needs Investigation,Further Investigation Required,Medium Risk
2025-08-05,Mankokobi Coal Mine,Central Pit,7064.2,7223.9,85.2,73.8,4,2025,8,Aug,-159.7,159.7,0,97.79,Below Target,Slightly Below Target,Moderate Availability,Poor Utilisation,Low Downtime,Needs Investigation,Low Equipment Utilisation,Medium Risk
2025-08-05,Mankokobi Coal Mine,North Pit,8974.5,7885.6,83.8,85.3,5.1,2025,8,Aug,1088.9,0,1088.9,113.81,Target Achieved,Target Achieved,Moderate Availability,Good Utilisation,Low Downtime,Needs Investigation,No Production Shortfall,Low Risk
2025-08-05,Mankokobi Coal Mine,South Pit,5621.7,5871.8,95.3,78.5,3.7,2025,8,Aug,-250.1,250.1,0,95.74,Below Target,Slightly Below Target,Good Availability,Moderate Utilisation,Low Downtime,Needs Investigation,Further Investigation Required,Medium Risk
2025-08-06,Mankokobi Coal Mine,Central Pit,6643.2,7400,90.4,84.7,6,2025,8,Aug,-756.8,756.8,0,89.77,Below Target,Critical Underperformance,Good Availability,Moderate Utilisation,Moderate Downtime,Needs Investigation,Further Investigation Required,Low Risk
2025-08-06,Mankokobi Coal Mine,North Pit,7267.2,7669,93.5,78.7,7.2,2025,8,Aug,-401.8,401.8,0,94.76,Below Target,Underperforming,Good Availability,Moderate Utilisation,Moderate Downtime,Needs Investigation,Further Investigation Required,Medium Risk
2025-08-06,Mankokobi Coal Mine,South Pit,6593.5,6596.4,92.3,73.6,7.4,2025,8,Aug,-2.9,2.9,0,99.96,Below Target,Slightly Below Target,Good Availability,Poor Utilisation,Moderate Downtime,Available but Underutilised,Low Equipment Utilisation,Medium Risk
2025-08-07,Mankokobi Coal Mine,Central Pit,5963.9,6509.4,84.6,82.7,4.1,2025,8,Aug,-545.5,545.5,0,91.62,Below Target,Underperforming,Moderate Availability,Moderate Utilisation,Low Downtime,Needs Investigation,Further Investigation Required,Low Risk
2025-08-07,Mankokobi Coal Mine,North Pit,7547,8147.8,90.6,73,11,2025,8,Aug,-600.8,600.8,0,92.63,Below Target,Underperforming,Good Availability,Poor Utilisation,High Downtime,Available but Underutilised,Low Equipment Utilisation,Medium Risk
2025-08-07,Mankokobi Coal Mine,South Pit,4551.6,5427.5,85.9,70.7,8.4,2025,8,Aug,-875.9,875.9,0,83.86,Below Target,Critical Underperformance,Moderate Availability,Poor Utilisation,Moderate Downtime,Needs Investigation,Low Equipment Utilisation,Medium Risk
2025-08-08,Mankokobi Coal Mine,Central Pit,5926.3,7171,84.2,69.9,9.7,2025,8,Aug,-1244.7,1244.7,0,82.64,Below Target,Critical Underperformance,Moderate Availability,Poor Utilisation,Moderate Downtime,Needs Investigation,Low Equipment Utilisation,High Risk
2025-08-08,Mankokobi Coal Mine,North Pit,8466.5,8063.4,81.5,82.3,5,2025,8,Aug,403.1,0,403.1,105,Target Achieved,Target Achieved,Moderate Availability,Moderate Utilisation,Low Downtime,Needs Investigation,No Production Shortfall,Low Risk
2025-08-08,Mankokobi Coal Mine,South Pit,6506.4,7376.7,83.3,81.7,5.9,2025,8,Aug,-870.3,870.3,0,88.2,Below Target,Critical Underperformance,Moderate Availability,Moderate Utilisation,Low Downtime,Needs Investigation,Further Investigation Required,Low Risk
2025-08-09,Mankokobi Coal Mine,Central Pit,8373.2,7591.5,93.4,75.4,5,2025,8,Aug,781.7,0,781.7,110.3,Target Achieved,Target Achieved,Good Availability,Moderate Utilisation,Low Downtime,Needs Investigation,No Production Shortfall,Medium Risk
2025-08-09,Mankokobi Coal Mine,North Pit,7065.1,7510.6,83.9,67.7,9.7,2025,8,Aug,-445.5,445.5,0,94.07,Below Target,Underperforming,Moderate Availability,Poor Utilisation,Moderate Downtime,Needs Investigation,Low Equipment Utilisation,High Risk
2025-08-09,Mankokobi Coal Mine,South Pit,6842.6,6347.4,95.3,69.6,4.3,2025,8,Aug,495.2,0,495.2,107.8,Target Achieved,Target Achieved,Good Availability,Poor Utilisation,Low Downtime,Available but Underutilised,No Production Shortfall,High Risk
2025-08-10,Mankokobi Coal Mine,Central Pit,6809.4,8355.5,84.6,67.3,6.6,2025,8,Aug,-1546.1,1546.1,0,81.5,Below Target,Critical Underperformance,Moderate Availability,Poor Utilisation,Moderate Downtime,Needs Investigation,Low Equipment Utilisation,High Risk
2025-08-10,Mankokobi Coal Mine,North Pit,8330.7,8206,94.1,85.4,6.2,2025,8,Aug,124.7,0,124.7,101.52,Target Achieved,Target Achieved,Good Availability,Good Utilisation,Moderate Downtime,Effective,No Production Shortfall,Low Risk
2025-08-10,Mankokobi Coal Mine,South Pit,7473.4,7182,89.2,84.5,8.6,2025,8,Aug,291.4,0,291.4,104.06,Target Achieved,Target Achieved,Moderate Availability,Moderate Utilisation,Moderate Downtime,Needs Investigation,No Production Shortfall,Medium Risk
2025-08-11,Mankokobi Coal Mine,Central Pit,8227.2,7158.7,92.9,84.3,9,2025,8,Aug,1068.5,0,1068.5,114.93,Target Achieved,Target Achieved,Good Availability,Moderate Utilisation,Moderate Downtime,Needs Investigation,No Production Shortfall,Medium Risk
2025-08-11,Mankokobi Coal Mine,North Pit,7995.2,7522,84.3,72.6,11.4,2025,8,Aug,473.2,0,473.2,106.29,Target Achieved,Target Achieved,Moderate Availability,Poor Utilisation,High Downtime,Needs Investigation,No Production Shortfall,Medium Risk
2025-08-11,Mankokobi Coal Mine,South Pit,6641,6998.9,97.8,66.4,10.5,2025,8,Aug,-357.9,357.9,0,94.89,Below Target,Underperforming,Good Availability,Poor Utilisation,High Downtime,Available but Underutilised,Low Equipment Utilisation,High Risk
2025-08-12,Mankokobi Coal Mine,Central Pit,8220.8,7474.5,82.6,72.1,7.9,2025,8,Aug,746.3,0,746.3,109.98,Target Achieved,Target Achieved,Moderate Availability,Poor Utilisation,Moderate Downtime,Needs Investigation,No Production Shortfall,Medium Risk
2025-08-12,Mankokobi Coal Mine,North Pit,7135.3,8248.7,82.3,82.3,10.3,2025,8,Aug,-1113.4,1113.4,0,86.5,Below Target,Critical Underperformance,Moderate Availability,Moderate Utilisation,High Downtime,Needs Investigation,Further Investigation Required,Medium Risk
2025-08-12,Mankokobi Coal Mine,South Pit,6517.1,6583,90.9,75.8,4.3,2025,8,Aug,-65.9,65.9,0,99,Below Target,Slightly Below Target,Good Availability,Moderate Utilisation,Low Downtime,Needs Investigation,Further Investigation Required,Medium Risk
2025-08-13,Mankokobi Coal Mine,Central Pit,8701.7,7441.4,88.4,89.4,8.1,2025,8,Aug,1260.3,0,1260.3,116.94,Target Achieved,Target Achieved,Moderate Availability,Good Utilisation,Moderate Downtime,Needs Investigation,No Production Shortfall,Medium Risk
2025-08-13,Mankokobi Coal Mine,North Pit,7572.8,7460.3,98,69,6.3,2025,8,Aug,112.5,0,112.5,101.51,Target Achieved,Target Achieved,Good Availability,Poor Utilisation,Moderate Downtime,Available but Underutilised,No Production Shortfall,High Risk
2025-08-13,Mankokobi Coal Mine,South Pit,6333.2,5943.7,93.8,76.8,4.9,2025,8,Aug,389.5,0,389.5,106.55,Target Achieved,Target Achieved,Good Availability,Moderate Utilisation,Low Downtime,Needs Investigation,No Production Shortfall,Medium Risk
2025-08-14,Mankokobi Coal Mine,Central Pit,7679.6,7618.9,93.8,80.6,6.3,2025,8,Aug,60.7,0,60.7,100.8,Target Achieved,Target Achieved,Good Availability,Moderate Utilisation,Moderate Downtime,Needs Investigation,No Production Shortfall,Low Risk
2025-08-14,Mankokobi Coal Mine,North Pit,7613,7487.2,93.7,91.3,11.7,2025,8,Aug,125.8,0,125.8,101.68,Target Achieved,Target Achieved,Good Availability,Good Utilisation,High Downtime,Effective,No Production Shortfall,Medium Risk
2025-08-14,Mankokobi Coal Mine,South Pit,7945.8,6948.8,81.7,86.5,3.7,2025,8,Aug,997,0,997,114.35,Target Achieved,Target Achieved,Moderate Availability,Good Utilisation,Low Downtime,Needs Investigation,No Production Shortfall,Low Risk
2025-08-15,Mankokobi Coal Mine,Central Pit,6520.1,7006.3,89.6,88.7,10.6,2025,8,Aug,-486.2,486.2,0,93.06,Below Target,Underperforming,Moderate Availability,Good Utilisation,High Downtime,Needs Investigation,Further Investigation Required,Medium Risk
2025-08-15,Mankokobi Coal Mine,North Pit,8831.5,7522.8,94.5,82.7,6.7,2025,8,Aug,1308.7,0,1308.7,117.4,Target Achieved,Target Achieved,Good Availability,Moderate Utilisation,Moderate Downtime,Needs Investigation,No Production Shortfall,Low Risk
2025-08-15,Mankokobi Coal Mine,South Pit,6312.8,6262.8,95.5,86.2,12.2,2025,8,Aug,50,0,50,100.8,Target Achieved,Target Achieved,Good Availability,Good Utilisation,High Downtime,Effective,No Production Shortfall,High Risk
2025-08-16,Mankokobi Coal Mine,Central Pit,6498.6,6654,96.3,75.7,6.4,2025,8,Aug,-155.4,155.4,0,97.66,Below Target,Slightly Below Target,Good Availability,Moderate Utilisation,Moderate Downtime,Needs Investigation,Further Investigation Required,Medium Risk
2025-08-16,Mankokobi Coal Mine,North Pit,7517.9,8174.8,98,78.7,7,2025,8,Aug,-656.9,656.9,0,91.96,Below Target,Underperforming,Good Availability,Moderate Utilisation,Moderate Downtime,Needs Investigation,Further Investigation Required,Medium Risk
2025-08-16,Mankokobi Coal Mine,South Pit,6638.5,6642.9,89.5,85.5,12.6,2025,8,Aug,-4.4,4.4,0,99.93,Below Target,Slightly Below Target,Moderate Availability,Good Utilisation,High Downtime,Needs Investigation,Further Investigation Required,High Risk
2025-08-17,Mankokobi Coal Mine,Central Pit,7519.4,7850.5,94.3,72.5,9.3,2025,8,Aug,-331.1,331.1,0,95.78,Below Target,Slightly Below Target,Good Availability,Poor Utilisation,Moderate Downtime,Available but Underutilised,Low Equipment Utilisation,Medium Risk
2025-08-17,Mankokobi Coal Mine,North Pit,7548.9,8459.8,89.9,69.6,7.2,2025,8,Aug,-910.9,910.9,0,89.23,Below Target,Critical Underperformance,Moderate Availability,Poor Utilisation,Moderate Downtime,Needs Investigation,Low Equipment Utilisation,High Risk
2025-08-17,Mankokobi Coal Mine,South Pit,7302.6,6746.4,82.4,85.7,10.4,2025,8,Aug,556.2,0,556.2,108.24,Target Achieved,Target Achieved,Moderate Availability,Good Utilisation,High Downtime,Needs Investigation,No Production Shortfall,Medium Risk
2025-08-18,Mankokobi Coal Mine,Central Pit,8420.9,8227.2,82.4,75.5,4.7,2025,8,Aug,193.7,0,193.7,102.35,Target Achieved,Target Achieved,Moderate Availability,Moderate Utilisation,Low Downtime,Needs Investigation,No Production Shortfall,Medium Risk
2025-08-18,Mankokobi Coal Mine,North Pit,8906,7900.8,94,83.2,5.3,2025,8,Aug,1005.2,0,1005.2,112.72,Target Achieved,Target Achieved,Good Availability,Moderate Utilisation,Low Downtime,Needs Investigation,No Production Shortfall,Low Risk
2025-08-18,Mankokobi Coal Mine,South Pit,7716.1,7756,84.5,72,4.1,2025,8,Aug,-39.9,39.9,0,99.49,Below Target,Slightly Below Target,Moderate Availability,Poor Utilisation,Low Downtime,Needs Investigation,Low Equipment Utilisation,Medium Risk
2025-08-19,Mankokobi Coal Mine,Central Pit,7278.2,8172.4,87.9,72.1,9.1,2025,8,Aug,-894.2,894.2,0,89.06,Below Target,Critical Underperformance,Moderate Availability,Poor Utilisation,Moderate Downtime,Needs Investigation,Low Equipment Utilisation,Medium Risk
2025-08-19,Mankokobi Coal Mine,North Pit,8057.1,7981.1,83,67.2,9.3,2025,8,Aug,76,0,76,100.95,Target Achieved,Target Achieved,Moderate Availability,Poor Utilisation,Moderate Downtime,Needs Investigation,No Production Shortfall,High Risk
2025-08-19,Mankokobi Coal Mine,South Pit,6370.2,7333.2,91.2,87.8,7.8,2025,8,Aug,-963,963,0,86.87,Below Target,Critical Underperformance,Good Availability,Good Utilisation,Moderate Downtime,Effective,Non-Equipment Constraint,Low Risk
2025-08-20,Mankokobi Coal Mine,Central Pit,7868.2,6869.5,94.8,71.2,10.4,2025,8,Aug,998.7,0,998.7,114.54,Target Achieved,Target Achieved,Good Availability,Poor Utilisation,High Downtime,Available but Underutilised,No Production Shortfall,Medium Risk
2025-08-20,Mankokobi Coal Mine,North Pit,8638.6,8150.7,82.9,63.8,11.8,2025,8,Aug,487.9,0,487.9,105.99,Target Achieved,Target Achieved,Moderate Availability,Poor Utilisation,High Downtime,Needs Investigation,No Production Shortfall,High Risk
2025-08-20,Mankokobi Coal Mine,South Pit,5070.4,5663.2,81.5,79.5,12.3,2025,8,Aug,-592.8,592.8,0,89.53,Below Target,Critical Underperformance,Moderate Availability,Moderate Utilisation,High Downtime,Needs Investigation,Further Investigation Required,High Risk
2025-08-21,Mankokobi Coal Mine,Central Pit,6191,6416,84.2,71.5,11.5,2025,8,Aug,-225,225,0,96.49,Below Target,Slightly Below Target,Moderate Availability,Poor Utilisation,High Downtime,Needs Investigation,Low Equipment Utilisation,Medium Risk
2025-08-21,Mankokobi Coal Mine,North Pit,6056,7629.8,87.1,78.6,5.1,2025,8,Aug,-1573.8,1573.8,0,79.37,Below Target,Critical Underperformance,Moderate Availability,Moderate Utilisation,Low Downtime,Needs Investigation,Further Investigation Required,Medium Risk
2025-08-21,Mankokobi Coal Mine,South Pit,6811.3,5860,80.5,73,9.4,2025,8,Aug,951.3,0,951.3,116.23,Target Achieved,Target Achieved,Moderate Availability,Poor Utilisation,Moderate Downtime,Needs Investigation,No Production Shortfall,Medium Risk
2025-08-22,Mankokobi Coal Mine,Central Pit,5901.7,6577.7,82.4,76,5.1,2025,8,Aug,-676,676,0,89.72,Below Target,Critical Underperformance,Moderate Availability,Moderate Utilisation,Low Downtime,Needs Investigation,Further Investigation Required,Medium Risk
2025-08-22,Mankokobi Coal Mine,North Pit,7495.9,7956.9,90.8,95,8.8,2025,8,Aug,-461,461,0,94.21,Below Target,Underperforming,Good Availability,Good Utilisation,Moderate Downtime,Effective,Non-Equipment Constraint,Medium Risk
2025-08-22,Mankokobi Coal Mine,South Pit,5830,6269.1,91.7,78.6,9,2025,8,Aug,-439.1,439.1,0,93,Below Target,Underperforming,Good Availability,Moderate Utilisation,Moderate Downtime,Needs Investigation,Further Investigation Required,Medium Risk
2025-08-23,Mankokobi Coal Mine,Central Pit,7796.2,7355,83.6,76.6,6.3,2025,8,Aug,441.2,0,441.2,106,Target Achieved,Target Achieved,Moderate Availability,Moderate Utilisation,Moderate Downtime,Needs Investigation,No Production Shortfall,Medium Risk
2025-08-23,Mankokobi Coal Mine,North Pit,7508.7,7969.8,93.6,85.7,8.5,2025,8,Aug,-461.1,461.1,0,94.21,Below Target,Underperforming,Good Availability,Good Utilisation,Moderate Downtime,Effective,Non-Equipment Constraint,Medium Risk
2025-08-23,Mankokobi Coal Mine,South Pit,5688.1,6597,87.6,91.8,4.3,2025,8,Aug,-908.9,908.9,0,86.22,Below Target,Critical Underperformance,Moderate Availability,Good Utilisation,Low Downtime,Needs Investigation,Further Investigation Required,Low Risk
2025-08-24,Mankokobi Coal Mine,Central Pit,7383,7509.8,91.1,79.4,4.7,2025,8,Aug,-126.8,126.8,0,98.31,Below Target,Slightly Below Target,Good Availability,Moderate Utilisation,Low Downtime,Needs Investigation,Further Investigation Required,Medium Risk
2025-08-24,Mankokobi Coal Mine,North Pit,7677.2,8393.1,89.7,77.7,9.3,2025,8,Aug,-715.9,715.9,0,91.47,Below Target,Underperforming,Moderate Availability,Moderate Utilisation,Moderate Downtime,Needs Investigation,Further Investigation Required,Medium Risk
2025-08-24,Mankokobi Coal Mine,South Pit,6463.5,6867.1,83.5,77.3,8.2,2025,8,Aug,-403.6,403.6,0,94.12,Below Target,Underperforming,Moderate Availability,Moderate Utilisation,Moderate Downtime,Needs Investigation,Further Investigation Required,Medium Risk
2025-08-25,Mankokobi Coal Mine,Central Pit,6298.2,7038.8,92.6,76.8,9.4,2025,8,Aug,-740.6,740.6,0,89.48,Below Target,Critical Underperformance,Good Availability,Moderate Utilisation,Moderate Downtime,Needs Investigation,Further Investigation Required,Medium Risk
2025-08-25,Mankokobi Coal Mine,North Pit,9620.4,8163.9,88.7,76.4,10.9,2025,8,Aug,1456.5,0,1456.5,117.84,Target Achieved,Target Achieved,Moderate Availability,Moderate Utilisation,High Downtime,Needs Investigation,No Production Shortfall,Medium Risk
2025-08-25,Mankokobi Coal Mine,South Pit,6436.8,6384.2,87.2,83.9,7,2025,8,Aug,52.6,0,52.6,100.82,Target Achieved,Target Achieved,Moderate Availability,Moderate Utilisation,Moderate Downtime,Needs Investigation,No Production Shortfall,Low Risk
2025-08-26,Mankokobi Coal Mine,Central Pit,8119.7,7398.7,95.6,81.1,10.7,2025,8,Aug,721,0,721,109.75,Target Achieved,Target Achieved,Good Availability,Moderate Utilisation,High Downtime,Needs Investigation,No Production Shortfall,Medium Risk
2025-08-26,Mankokobi Coal Mine,North Pit,8465.1,7738.6,80,80.3,6.8,2025,8,Aug,726.5,0,726.5,109.39,Target Achieved,Target Achieved,Moderate Availability,Moderate Utilisation,Moderate Downtime,Needs Investigation,No Production Shortfall,Low Risk
2025-08-26,Mankokobi Coal Mine,South Pit,6263.3,5961.5,97.6,78.4,9,2025,8,Aug,301.8,0,301.8,105.06,Target Achieved,Target Achieved,Good Availability,Moderate Utilisation,Moderate Downtime,Needs Investigation,No Production Shortfall,Medium Risk
2025-08-27,Mankokobi Coal Mine,Central Pit,7924.3,7890.1,91,67.2,9.6,2025,8,Aug,34.2,0,34.2,100.43,Target Achieved,Target Achieved,Good Availability,Poor Utilisation,Moderate Downtime,Available but Underutilised,No Production Shortfall,High Risk
2025-08-27,Mankokobi Coal Mine,North Pit,8198.5,8108.7,81,69,4.1,2025,8,Aug,89.8,0,89.8,101.11,Target Achieved,Target Achieved,Moderate Availability,Poor Utilisation,Low Downtime,Needs Investigation,No Production Shortfall,High Risk
2025-08-27,Mankokobi Coal Mine,South Pit,6228.6,6566.8,83.6,75.3,5.4,2025,8,Aug,-338.2,338.2,0,94.85,Below Target,Underperforming,Moderate Availability,Moderate Utilisation,Low Downtime,Needs Investigation,Further Investigation Required,Medium Risk
2025-08-28,Mankokobi Coal Mine,Central Pit,6827.5,7751.8,85.9,78.1,4.2,2025,8,Aug,-924.3,924.3,0,88.08,Below Target,Critical Underperformance,Moderate Availability,Moderate Utilisation,Low Downtime,Needs Investigation,Further Investigation Required,Medium Risk
2025-08-28,Mankokobi Coal Mine,North Pit,5794.3,7625.2,87.3,80,7.9,2025,8,Aug,-1830.9,1830.9,0,75.99,Below Target,Critical Underperformance,Moderate Availability,Moderate Utilisation,Moderate Downtime,Needs Investigation,Further Investigation Required,Low Risk
2025-08-28,Mankokobi Coal Mine,South Pit,6685.2,6666.2,84,85.1,8.6,2025,8,Aug,19,0,19,100.29,Target Achieved,Target Achieved,Moderate Availability,Good Utilisation,Moderate Downtime,Needs Investigation,No Production Shortfall,Medium Risk
2025-08-29,Mankokobi Coal Mine,Central Pit,7099,7068.5,92.5,66.5,6.8,2025,8,Aug,30.5,0,30.5,100.43,Target Achieved,Target Achieved,Good Availability,Poor Utilisation,Moderate Downtime,Available but Underutilised,No Production Shortfall,High Risk
2025-08-29,Mankokobi Coal Mine,North Pit,7898.3,7929,80.6,75.1,12.1,2025,8,Aug,-30.7,30.7,0,99.61,Below Target,Slightly Below Target,Moderate Availability,Moderate Utilisation,High Downtime,Needs Investigation,Further Investigation Required,High Risk
2025-08-29,Mankokobi Coal Mine,South Pit,7781.7,7029.8,76.4,86.1,8.9,2025,8,Aug,751.9,0,751.9,110.7,Target Achieved,Target Achieved,Poor Availability,Good Utilisation,Moderate Downtime,Availability Constraint,No Production Shortfall,Medium Risk
2025-08-30,Mankokobi Coal Mine,Central Pit,6626.1,6877.1,79.2,75.7,6.4,2025,8,Aug,-251,251,0,96.35,Below Target,Slightly Below Target,Poor Availability,Moderate Utilisation,Moderate Downtime,Availability Constraint,Low Equipment Availability,Medium Risk
2025-08-30,Mankokobi Coal Mine,North Pit,6946.6,6712.1,86.2,78.8,10.2,2025,8,Aug,234.5,0,234.5,103.49,Target Achieved,Target Achieved,Moderate Availability,Moderate Utilisation,High Downtime,Needs Investigation,No Production Shortfall,Medium Risk
2025-08-30,Mankokobi Coal Mine,South Pit,8509.9,6872.7,93.7,68.2,11.9,2025,8,Aug,1637.2,0,1637.2,123.82,Target Achieved,Target Achieved,Good Availability,Poor Utilisation,High Downtime,Available but Underutilised,No Production Shortfall,High Risk
2025-08-31,Mankokobi Coal Mine,Central Pit,7809.9,7488.5,86.1,74.5,7.2,2025,8,Aug,321.4,0,321.4,104.29,Target Achieved,Target Achieved,Moderate Availability,Poor Utilisation,Moderate Downtime,Needs Investigation,No Production Shortfall,Medium Risk
2025-08-31,Mankokobi Coal Mine,North Pit,7229.3,7767.3,86,86.3,12.5,2025,8,Aug,-538,538,0,93.07,Below Target,Underperforming,Moderate Availability,Good Utilisation,High Downtime,Needs Investigation,Further Investigation Required,High Risk
2025-08-31,Mankokobi Coal Mine,South Pit,6340.4,6741.3,87.7,81.5,6.6,2025,8,Aug,-400.9,400.9,0,94.05,Below Target,Underperforming,Moderate Availability,Moderate Utilisation,Moderate Downtime,Needs Investigation,Further Investigation Required,Low Risk
2025-09-01,Mankokobi Coal Mine,Central Pit,5455.5,6926.4,90.3,87,7.2,2025,9,Sep,-1470.9,1470.9,0,78.76,Below Target,Critical Underperformance,Good Availability,Good Utilisation,Moderate Downtime,Effective,Non-Equipment Constraint,Low Risk
2025-09-01,Mankokobi Coal Mine,North Pit,7777.3,7604.1,96.8,86.4,10.8,2025,9,Sep,173.2,0,173.2,102.28,Target Achieved,Target Achieved,Good Availability,Good Utilisation,High Downtime,Effective,No Production Shortfall,Medium Risk
2025-09-01,Mankokobi Coal Mine,South Pit,6091.8,6666.9,88,80.8,7.2,2025,9,Sep,-575.1,575.1,0,91.37,Below Target,Underperforming,Moderate Availability,Moderate Utilisation,Moderate Downtime,Needs Investigation,Further Investigation Required,Low Risk
2025-09-02,Mankokobi Coal Mine,Central Pit,7807,7757.2,78.5,69.7,9.6,2025,9,Sep,49.8,0,49.8,100.64,Target Achieved,Target Achieved,Poor Availability,Poor Utilisation,Moderate Downtime,Availability Constraint,No Production Shortfall,High Risk
2025-09-02,Mankokobi Coal Mine,North Pit,8907.3,7588.9,81.5,76.6,7.4,2025,9,Sep,1318.4,0,1318.4,117.37,Target Achieved,Target Achieved,Moderate Availability,Moderate Utilisation,Moderate Downtime,Needs Investigation,No Production Shortfall,Medium Risk
2025-09-02,Mankokobi Coal Mine,South Pit,6909.2,7498,96.8,82.8,3.8,2025,9,Sep,-588.8,588.8,0,92.15,Below Target,Underperforming,Good Availability,Moderate Utilisation,Low Downtime,Needs Investigation,Further Investigation Required,Low Risk
2025-09-03,Mankokobi Coal Mine,Central Pit,8844,7854.5,89.7,82.8,8,2025,9,Sep,989.5,0,989.5,112.6,Target Achieved,Target Achieved,Moderate Availability,Moderate Utilisation,Moderate Downtime,Needs Investigation,No Production Shortfall,Low Risk
2025-09-03,Mankokobi Coal Mine,North Pit,8578.2,8353.9,84.6,66.7,9.9,2025,9,Sep,224.3,0,224.3,102.69,Target Achieved,Target Achieved,Moderate Availability,Poor Utilisation,Moderate Downtime,Needs Investigation,No Production Shortfall,High Risk
2025-09-03,Mankokobi Coal Mine,South Pit,5472.8,6422.4,84.6,90.7,8.2,2025,9,Sep,-949.6,949.6,0,85.21,Below Target,Critical Underperformance,Moderate Availability,Good Utilisation,Moderate Downtime,Needs Investigation,Further Investigation Required,Medium Risk
2025-09-04,Mankokobi Coal Mine,Central Pit,8143.3,6876.5,87.7,84,7.3,2025,9,Sep,1266.8,0,1266.8,118.42,Target Achieved,Target Achieved,Moderate Availability,Moderate Utilisation,Moderate Downtime,Needs Investigation,No Production Shortfall,Low Risk
2025-09-04,Mankokobi Coal Mine,North Pit,7048.5,7041.8,87.8,82.5,5.2,2025,9,Sep,6.7,0,6.7,100.1,Target Achieved,Target Achieved,Moderate Availability,Moderate Utilisation,Low Downtime,Needs Investigation,No Production Shortfall,Low Risk
2025-09-04,Mankokobi Coal Mine,South Pit,7624,7002.9,88.3,79.6,11.6,2025,9,Sep,621.1,0,621.1,108.87,Target Achieved,Target Achieved,Moderate Availability,Moderate Utilisation,High Downtime,Needs Investigation,No Production Shortfall,Medium Risk
2025-09-05,Mankokobi Coal Mine,Central Pit,6256.8,6711,89.6,72.2,5.8,2025,9,Sep,-454.2,454.2,0,93.23,Below Target,Underperforming,Moderate Availability,Poor Utilisation,Low Downtime,Needs Investigation,Low Equipment Utilisation,Medium Risk
2025-09-05,Mankokobi Coal Mine,North Pit,7958.8,8368,90.2,88.9,11.8,2025,9,Sep,-409.2,409.2,0,95.11,Below Target,Slightly Below Target,Good Availability,Good Utilisation,High Downtime,Effective,Non-Equipment Constraint,Medium Risk
2025-09-05,Mankokobi Coal Mine,South Pit,7846.2,6812.9,77.9,67.1,11.2,2025,9,Sep,1033.3,0,1033.3,115.17,Target Achieved,Target Achieved,Poor Availability,Poor Utilisation,High Downtime,Availability Constraint,No Production Shortfall,High Risk
2025-09-06,Mankokobi Coal Mine,Central Pit,8509.9,7828.2,94.5,77.2,8.7,2025,9,Sep,681.7,0,681.7,108.71,Target Achieved,Target Achieved,Good Availability,Moderate Utilisation,Moderate Downtime,Needs Investigation,No Production Shortfall,Medium Risk
2025-09-06,Mankokobi Coal Mine,North Pit,7074.8,7857.3,80.9,73.1,7.2,2025,9,Sep,-782.5,782.5,0,90.04,Below Target,Underperforming,Moderate Availability,Poor Utilisation,Moderate Downtime,Needs Investigation,Low Equipment Utilisation,Medium Risk
2025-09-06,Mankokobi Coal Mine,South Pit,7751.2,7126.7,94.3,71.2,11.5,2025,9,Sep,624.5,0,624.5,108.76,Target Achieved,Target Achieved,Good Availability,Poor Utilisation,High Downtime,Available but Underutilised,No Production Shortfall,Medium Risk
2025-09-07,Mankokobi Coal Mine,Central Pit,7457.8,8131.4,88,83.5,10.4,2025,9,Sep,-673.6,673.6,0,91.72,Below Target,Underperforming,Moderate Availability,Moderate Utilisation,High Downtime,Needs Investigation,Further Investigation Required,Medium Risk
2025-09-07,Mankokobi Coal Mine,North Pit,7381.8,7705,90.5,74.7,11.3,2025,9,Sep,-323.2,323.2,0,95.81,Below Target,Slightly Below Target,Good Availability,Poor Utilisation,High Downtime,Available but Underutilised,Low Equipment Utilisation,Medium Risk
2025-09-07,Mankokobi Coal Mine,South Pit,6234.9,6237.1,78.7,81.9,7.7,2025,9,Sep,-2.2,2.2,0,99.96,Below Target,Slightly Below Target,Poor Availability,Moderate Utilisation,Moderate Downtime,Availability Constraint,Low Equipment Availability,Low Risk
2025-09-08,Mankokobi Coal Mine,Central Pit,6442,7476.7,96.9,78.2,6.4,2025,9,Sep,-1034.7,1034.7,0,86.16,Below Target,Critical Underperformance,Good Availability,Moderate Utilisation,Moderate Downtime,Needs Investigation,Further Investigation Required,Medium Risk
2025-09-08,Mankokobi Coal Mine,North Pit,7848.4,8118.4,92,71.1,9.6,2025,9,Sep,-270,270,0,96.67,Below Target,Slightly Below Target,Good Availability,Poor Utilisation,Moderate Downtime,Available but Underutilised,Low Equipment Utilisation,Medium Risk
2025-09-08,Mankokobi Coal Mine,South Pit,7807,7395.6,82.8,72.2,7.2,2025,9,Sep,411.4,0,411.4,105.56,Target Achieved,Target Achieved,Moderate Availability,Poor Utilisation,Moderate Downtime,Needs Investigation,No Production Shortfall,Medium Risk
2025-09-09,Mankokobi Coal Mine,Central Pit,7612.5,7427.2,89.5,75.6,12.2,2025,9,Sep,185.3,0,185.3,102.49,Target Achieved,Target Achieved,Moderate Availability,Moderate Utilisation,High Downtime,Needs Investigation,No Production Shortfall,High Risk
2025-09-09,Mankokobi Coal Mine,North Pit,7416.1,7460.9,84.5,78.8,6.9,2025,9,Sep,-44.8,44.8,0,99.4,Below Target,Slightly Below Target,Moderate Availability,Moderate Utilisation,Moderate Downtime,Needs Investigation,Further Investigation Required,Medium Risk
2025-09-09,Mankokobi Coal Mine,South Pit,5447,5931.8,81.6,77.8,4.6,2025,9,Sep,-484.8,484.8,0,91.83,Below Target,Underperforming,Moderate Availability,Moderate Utilisation,Low Downtime,Needs Investigation,Further Investigation Required,Medium Risk
2025-09-10,Mankokobi Coal Mine,Central Pit,7034.1,7001.7,90.3,80.3,9.7,2025,9,Sep,32.4,0,32.4,100.46,Target Achieved,Target Achieved,Good Availability,Moderate Utilisation,Moderate Downtime,Needs Investigation,No Production Shortfall,Medium Risk
2025-09-10,Mankokobi Coal Mine,North Pit,7501.5,7468,81.9,79.8,6.3,2025,9,Sep,33.5,0,33.5,100.45,Target Achieved,Target Achieved,Moderate Availability,Moderate Utilisation,Moderate Downtime,Needs Investigation,No Production Shortfall,Medium Risk
2025-09-10,Mankokobi Coal Mine,South Pit,7779,6579.9,76.5,79.1,5.7,2025,9,Sep,1199.1,0,1199.1,118.22,Target Achieved,Target Achieved,Poor Availability,Moderate Utilisation,Low Downtime,Availability Constraint,No Production Shortfall,Medium Risk
2025-09-11,Mankokobi Coal Mine,Central Pit,7732.8,7555.4,91.2,77,11.3,2025,9,Sep,177.4,0,177.4,102.35,Target Achieved,Target Achieved,Good Availability,Moderate Utilisation,High Downtime,Needs Investigation,No Production Shortfall,Medium Risk
2025-09-11,Mankokobi Coal Mine,North Pit,8389.2,8237.9,84.6,77.1,9.6,2025,9,Sep,151.3,0,151.3,101.84,Target Achieved,Target Achieved,Moderate Availability,Moderate Utilisation,Moderate Downtime,Needs Investigation,No Production Shortfall,Medium Risk
2025-09-11,Mankokobi Coal Mine,South Pit,7368.5,6747.1,84,83.9,5.9,2025,9,Sep,621.4,0,621.4,109.21,Target Achieved,Target Achieved,Moderate Availability,Moderate Utilisation,Low Downtime,Needs Investigation,No Production Shortfall,Low Risk
2025-09-12,Mankokobi Coal Mine,Central Pit,6830.1,7089.3,93.8,80.4,8.5,2025,9,Sep,-259.2,259.2,0,96.34,Below Target,Slightly Below Target,Good Availability,Moderate Utilisation,Moderate Downtime,Needs Investigation,Further Investigation Required,Medium Risk
2025-09-12,Mankokobi Coal Mine,North Pit,7599,7783.4,88.4,78.5,7.9,2025,9,Sep,-184.4,184.4,0,97.63,Below Target,Slightly Below Target,Moderate Availability,Moderate Utilisation,Moderate Downtime,Needs Investigation,Further Investigation Required,Medium Risk
2025-09-12,Mankokobi Coal Mine,South Pit,6902.3,6831.3,83.3,95,7.7,2025,9,Sep,71,0,71,101.04,Target Achieved,Target Achieved,Moderate Availability,Good Utilisation,Moderate Downtime,Needs Investigation,No Production Shortfall,Low Risk
2025-09-13,Mankokobi Coal Mine,Central Pit,7489.9,7759.6,93.8,84.1,10.1,2025,9,Sep,-269.7,269.7,0,96.52,Below Target,Slightly Below Target,Good Availability,Moderate Utilisation,High Downtime,Needs Investigation,Further Investigation Required,Medium Risk
2025-09-13,Mankokobi Coal Mine,North Pit,8133.5,7971.3,90.1,73.8,11.1,2025,9,Sep,162.2,0,162.2,102.03,Target Achieved,Target Achieved,Good Availability,Poor Utilisation,High Downtime,Available but Underutilised,No Production Shortfall,Medium Risk
2025-09-13,Mankokobi Coal Mine,South Pit,6495.5,6476.3,82.9,78.5,9.3,2025,9,Sep,19.2,0,19.2,100.3,Target Achieved,Target Achieved,Moderate Availability,Moderate Utilisation,Moderate Downtime,Needs Investigation,No Production Shortfall,Medium Risk
2025-09-14,Mankokobi Coal Mine,Central Pit,6554.7,6797.6,86.3,78.2,12.4,2025,9,Sep,-242.9,242.9,0,96.43,Below Target,Slightly Below Target,Moderate Availability,Moderate Utilisation,High Downtime,Needs Investigation,Further Investigation Required,High Risk
2025-09-14,Mankokobi Coal Mine,North Pit,7520.8,7414.3,83.4,77,10.6,2025,9,Sep,106.5,0,106.5,101.44,Target Achieved,Target Achieved,Moderate Availability,Moderate Utilisation,High Downtime,Needs Investigation,No Production Shortfall,Medium Risk
2025-09-14,Mankokobi Coal Mine,South Pit,4700.3,5954.1,80.8,80,7.6,2025,9,Sep,-1253.8,1253.8,0,78.94,Below Target,Critical Underperformance,Moderate Availability,Moderate Utilisation,Moderate Downtime,Needs Investigation,Further Investigation Required,Low Risk
2025-09-15,Mankokobi Coal Mine,Central Pit,8198.6,7156.2,87.4,85,7.3,2025,9,Sep,1042.4,0,1042.4,114.57,Target Achieved,Target Achieved,Moderate Availability,Good Utilisation,Moderate Downtime,Needs Investigation,No Production Shortfall,Low Risk
2025-09-15,Mankokobi Coal Mine,North Pit,7784.3,7811.5,93.8,70,12.4,2025,9,Sep,-27.2,27.2,0,99.65,Below Target,Slightly Below Target,Good Availability,Poor Utilisation,High Downtime,Available but Underutilised,Low Equipment Utilisation,High Risk
2025-09-15,Mankokobi Coal Mine,South Pit,6763.5,7166.9,85.9,81.6,9.4,2025,9,Sep,-403.4,403.4,0,94.37,Below Target,Underperforming,Moderate Availability,Moderate Utilisation,Moderate Downtime,Needs Investigation,Further Investigation Required,Medium Risk
2025-09-16,Mankokobi Coal Mine,Central Pit,7498.6,7616.1,78.8,78,14.5,2025,9,Sep,-117.5,117.5,0,98.46,Below Target,Slightly Below Target,Poor Availability,Moderate Utilisation,High Downtime,Availability Constraint,High Downtime / Low Availability,High Risk
2025-09-16,Mankokobi Coal Mine,North Pit,6594,7289.4,75.3,84,10,2025,9,Sep,-695.4,695.4,0,90.46,Below Target,Underperforming,Poor Availability,Moderate Utilisation,High Downtime,Availability Constraint,High Downtime / Low Availability,Medium Risk
2025-09-16,Mankokobi Coal Mine,South Pit,5512.6,6370,87.1,75.4,5.6,2025,9,Sep,-857.4,857.4,0,86.54,Below Target,Critical Underperformance,Moderate Availability,Moderate Utilisation,Low Downtime,Needs Investigation,Further Investigation Required,Medium Risk
2025-09-17,Mankokobi Coal Mine,Central Pit,6841.2,6804.5,87,62.8,7,2025,9,Sep,36.7,0,36.7,100.54,Target Achieved,Target Achieved,Moderate Availability,Poor Utilisation,Moderate Downtime,Needs Investigation,No Production Shortfall,High Risk
2025-09-17,Mankokobi Coal Mine,North Pit,7735.2,8006.4,91.7,79,12,2025,9,Sep,-271.2,271.2,0,96.61,Below Target,Slightly Below Target,Good Availability,Moderate Utilisation,High Downtime,Needs Investigation,Further Investigation Required,Medium Risk
2025-09-17,Mankokobi Coal Mine,South Pit,6838.6,7187.8,92.4,77.3,10.8,2025,9,Sep,-349.2,349.2,0,95.14,Below Target,Slightly Below Target,Good Availability,Moderate Utilisation,High Downtime,Needs Investigation,Further Investigation Required,Medium Risk
2025-09-18,Mankokobi Coal Mine,Central Pit,7306.7,7138.2,96.3,77.9,12.5,2025,9,Sep,168.5,0,168.5,102.36,Target Achieved,Target Achieved,Good Availability,Moderate Utilisation,High Downtime,Needs Investigation,No Production Shortfall,High Risk
2025-09-18,Mankokobi Coal Mine,North Pit,8759.1,7503.5,77.2,78.7,13.9,2025,9,Sep,1255.6,0,1255.6,116.73,Target Achieved,Target Achieved,Poor Availability,Moderate Utilisation,High Downtime,Availability Constraint,No Production Shortfall,High Risk
2025-09-18,Mankokobi Coal Mine,South Pit,6183.7,6215.3,92.5,79.6,11.3,2025,9,Sep,-31.6,31.6,0,99.49,Below Target,Slightly Below Target,Good Availability,Moderate Utilisation,High Downtime,Needs Investigation,Further Investigation Required,Medium Risk
2025-09-19,Mankokobi Coal Mine,Central Pit,7029,7656.5,85.3,72.5,4.2,2025,9,Sep,-627.5,627.5,0,91.8,Below Target,Underperforming,Moderate Availability,Poor Utilisation,Low Downtime,Needs Investigation,Low Equipment Utilisation,Medium Risk
2025-09-19,Mankokobi Coal Mine,North Pit,7446.6,7921.8,84.9,68.1,11,2025,9,Sep,-475.2,475.2,0,94,Below Target,Underperforming,Moderate Availability,Poor Utilisation,High Downtime,Needs Investigation,Low Equipment Utilisation,High Risk
2025-09-19,Mankokobi Coal Mine,South Pit,5544.4,6662.8,80.7,73.4,7,2025,9,Sep,-1118.4,1118.4,0,83.21,Below Target,Critical Underperformance,Moderate Availability,Poor Utilisation,Moderate Downtime,Needs Investigation,Low Equipment Utilisation,Medium Risk
2025-09-20,Mankokobi Coal Mine,Central Pit,6929.2,6832.6,85.3,75.3,9.3,2025,9,Sep,96.6,0,96.6,101.41,Target Achieved,Target Achieved,Moderate Availability,Moderate Utilisation,Moderate Downtime,Needs Investigation,No Production Shortfall,Medium Risk
2025-09-20,Mankokobi Coal Mine,North Pit,6628.6,6908.9,87.5,76.9,6.3,2025,9,Sep,-280.3,280.3,0,95.94,Below Target,Slightly Below Target,Moderate Availability,Moderate Utilisation,Moderate Downtime,Needs Investigation,Further Investigation Required,Medium Risk
2025-09-20,Mankokobi Coal Mine,South Pit,6354.7,6638.4,95.2,82.1,5.1,2025,9,Sep,-283.7,283.7,0,95.73,Below Target,Slightly Below Target,Good Availability,Moderate Utilisation,Low Downtime,Needs Investigation,Further Investigation Required,Low Risk
2025-09-21,Mankokobi Coal Mine,Central Pit,6614.7,6631.3,79.2,69.5,12,2025,9,Sep,-16.6,16.6,0,99.75,Below Target,Slightly Below Target,Poor Availability,Poor Utilisation,High Downtime,Availability Constraint,High Downtime / Low Availability,High Risk
2025-09-21,Mankokobi Coal Mine,North Pit,7690.4,8467.4,88.4,73.5,6.2,2025,9,Sep,-777,777,0,90.82,Below Target,Underperforming,Moderate Availability,Poor Utilisation,Moderate Downtime,Needs Investigation,Low Equipment Utilisation,Medium Risk
2025-09-21,Mankokobi Coal Mine,South Pit,6261,6340.6,83.1,88.1,10.3,2025,9,Sep,-79.6,79.6,0,98.74,Below Target,Slightly Below Target,Moderate Availability,Good Utilisation,High Downtime,Needs Investigation,Further Investigation Required,Medium Risk
2025-09-22,Mankokobi Coal Mine,Central Pit,7199.7,7008.9,87.5,77.1,4,2025,9,Sep,190.8,0,190.8,102.72,Target Achieved,Target Achieved,Moderate Availability,Moderate Utilisation,Low Downtime,Needs Investigation,No Production Shortfall,Medium Risk
2025-09-22,Mankokobi Coal Mine,North Pit,7373.7,7369.5,90.3,72,7,2025,9,Sep,4.2,0,4.2,100.06,Target Achieved,Target Achieved,Good Availability,Poor Utilisation,Moderate Downtime,Available but Underutilised,No Production Shortfall,Medium Risk
2025-09-22,Mankokobi Coal Mine,South Pit,6448.5,6388.8,81.5,75.2,12.4,2025,9,Sep,59.7,0,59.7,100.93,Target Achieved,Target Achieved,Moderate Availability,Moderate Utilisation,High Downtime,Needs Investigation,No Production Shortfall,High Risk
2025-09-23,Mankokobi Coal Mine,Central Pit,7290.1,7728.9,90.6,76.6,6.4,2025,9,Sep,-438.8,438.8,0,94.32,Below Target,Underperforming,Good Availability,Moderate Utilisation,Moderate Downtime,Needs Investigation,Further Investigation Required,Medium Risk
2025-09-23,Mankokobi Coal Mine,North Pit,7120.5,8356,84.9,86.4,5.3,2025,9,Sep,-1235.5,1235.5,0,85.21,Below Target,Critical Underperformance,Moderate Availability,Good Utilisation,Low Downtime,Needs Investigation,Further Investigation Required,Low Risk
2025-09-23,Mankokobi Coal Mine,South Pit,5334.4,5958.5,95.3,80.1,10.9,2025,9,Sep,-624.1,624.1,0,89.53,Below Target,Critical Underperformance,Good Availability,Moderate Utilisation,High Downtime,Needs Investigation,Further Investigation Required,Medium Risk
2025-09-24,Mankokobi Coal Mine,Central Pit,8709.3,7728.6,97.2,71.1,11,2025,9,Sep,980.7,0,980.7,112.69,Target Achieved,Target Achieved,Good Availability,Poor Utilisation,High Downtime,Available but Underutilised,No Production Shortfall,Medium Risk
2025-09-24,Mankokobi Coal Mine,North Pit,6813.3,7378.8,86.3,73.7,6.3,2025,9,Sep,-565.5,565.5,0,92.34,Below Target,Underperforming,Moderate Availability,Poor Utilisation,Moderate Downtime,Needs Investigation,Low Equipment Utilisation,Medium Risk
2025-09-24,Mankokobi Coal Mine,South Pit,6679.7,6493.2,80.1,74.3,4.6,2025,9,Sep,186.5,0,186.5,102.87,Target Achieved,Target Achieved,Moderate Availability,Poor Utilisation,Low Downtime,Needs Investigation,No Production Shortfall,Medium Risk
2025-09-25,Mankokobi Coal Mine,Central Pit,6454.9,6625,91.3,72.9,4.9,2025,9,Sep,-170.1,170.1,0,97.43,Below Target,Slightly Below Target,Good Availability,Poor Utilisation,Low Downtime,Available but Underutilised,Low Equipment Utilisation,Medium Risk
2025-09-25,Mankokobi Coal Mine,North Pit,8408.6,7651.8,92.4,70.2,4.1,2025,9,Sep,756.8,0,756.8,109.89,Target Achieved,Target Achieved,Good Availability,Poor Utilisation,Low Downtime,Available but Underutilised,No Production Shortfall,Medium Risk
2025-09-25,Mankokobi Coal Mine,South Pit,6229.3,6327.4,86.5,70.6,6.4,2025,9,Sep,-98.1,98.1,0,98.45,Below Target,Slightly Below Target,Moderate Availability,Poor Utilisation,Moderate Downtime,Needs Investigation,Low Equipment Utilisation,Medium Risk
2025-09-26,Mankokobi Coal Mine,Central Pit,7319,7020.2,85.6,76.3,6.9,2025,9,Sep,298.8,0,298.8,104.26,Target Achieved,Target Achieved,Moderate Availability,Moderate Utilisation,Moderate Downtime,Needs Investigation,No Production Shortfall,Medium Risk
2025-09-26,Mankokobi Coal Mine,North Pit,8633.4,7928,97.1,79,8.4,2025,9,Sep,705.4,0,705.4,108.9,Target Achieved,Target Achieved,Good Availability,Moderate Utilisation,Moderate Downtime,Needs Investigation,No Production Shortfall,Medium Risk
2025-09-26,Mankokobi Coal Mine,South Pit,6348,6240,94.6,84.7,4,2025,9,Sep,108,0,108,101.73,Target Achieved,Target Achieved,Good Availability,Moderate Utilisation,Low Downtime,Needs Investigation,No Production Shortfall,Low Risk
2025-09-27,Mankokobi Coal Mine,Central Pit,6657.9,6432.5,83.1,77.6,8,2025,9,Sep,225.4,0,225.4,103.5,Target Achieved,Target Achieved,Moderate Availability,Moderate Utilisation,Moderate Downtime,Needs Investigation,No Production Shortfall,Medium Risk
2025-09-27,Mankokobi Coal Mine,North Pit,6971.1,7688.1,78.8,83.2,14.5,2025,9,Sep,-717,717,0,90.67,Below Target,Underperforming,Poor Availability,Moderate Utilisation,High Downtime,Availability Constraint,High Downtime / Low Availability,High Risk
2025-09-27,Mankokobi Coal Mine,South Pit,7027.2,6854.3,86.6,88.6,10.9,2025,9,Sep,172.9,0,172.9,102.52,Target Achieved,Target Achieved,Moderate Availability,Good Utilisation,High Downtime,Needs Investigation,No Production Shortfall,Medium Risk
2025-09-28,Mankokobi Coal Mine,Central Pit,7649.1,7288.7,91.1,83.5,11.2,2025,9,Sep,360.4,0,360.4,104.94,Target Achieved,Target Achieved,Good Availability,Moderate Utilisation,High Downtime,Needs Investigation,No Production Shortfall,Medium Risk
2025-09-28,Mankokobi Coal Mine,North Pit,7991.3,7448.5,77.5,75.2,13.1,2025,9,Sep,542.8,0,542.8,107.29,Target Achieved,Target Achieved,Poor Availability,Moderate Utilisation,High Downtime,Availability Constraint,No Production Shortfall,High Risk
2025-09-28,Mankokobi Coal Mine,South Pit,5703.1,6317.6,87.3,89.7,7.7,2025,9,Sep,-614.5,614.5,0,90.27,Below Target,Underperforming,Moderate Availability,Good Utilisation,Moderate Downtime,Needs Investigation,Further Investigation Required,Low Risk
2025-09-29,Mankokobi Coal Mine,Central Pit,6040,6615.1,89.2,85.1,7.9,2025,9,Sep,-575.1,575.1,0,91.31,Below Target,Underperforming,Moderate Availability,Good Utilisation,Moderate Downtime,Needs Investigation,Further Investigation Required,Low Risk
2025-09-29,Mankokobi Coal Mine,North Pit,7774.6,7473,95.1,70.1,10.3,2025,9,Sep,301.6,0,301.6,104.04,Target Achieved,Target Achieved,Good Availability,Poor Utilisation,High Downtime,Available but Underutilised,No Production Shortfall,Medium Risk
2025-09-29,Mankokobi Coal Mine,South Pit,6578.5,6177.2,73.8,78.4,12.2,2025,9,Sep,401.3,0,401.3,106.5,Target Achieved,Target Achieved,Poor Availability,Moderate Utilisation,High Downtime,Availability Constraint,No Production Shortfall,High Risk
2025-09-30,Mankokobi Coal Mine,Central Pit,8263.8,7541.8,81.5,79.3,5,2025,9,Sep,722,0,722,109.57,Target Achieved,Target Achieved,Moderate Availability,Moderate Utilisation,Low Downtime,Needs Investigation,No Production Shortfall,Medium Risk
2025-09-30,Mankokobi Coal Mine,North Pit,7276.9,7641.9,79.1,76.2,4.4,2025,9,Sep,-365,365,0,95.22,Below Target,Slightly Below Target,Poor Availability,Moderate Utilisation,Low Downtime,Availability Constraint,Low Equipment Availability,Medium Risk
2025-09-30,Mankokobi Coal Mine,South Pit,7298.1,6842.1,96.4,84.2,12.4,2025,9,Sep,456,0,456,106.66,Target Achieved,Target Achieved,Good Availability,Moderate Utilisation,High Downtime,Needs Investigation,No Production Shortfall,High Risk
2025-10-01,Mankokobi Coal Mine,Central Pit,7771.3,7070.6,83.8,80.7,7.1,2025,10,Oct,700.7,0,700.7,109.91,Target Achieved,Target Achieved,Moderate Availability,Moderate Utilisation,Moderate Downtime,Needs Investigation,No Production Shortfall,Low Risk
2025-10-01,Mankokobi Coal Mine,North Pit,7075.8,6994.7,92.8,74,11.7,2025,10,Oct,81.1,0,81.1,101.16,Target Achieved,Target Achieved,Good Availability,Poor Utilisation,High Downtime,Available but Underutilised,No Production Shortfall,Medium Risk
2025-10-01,Mankokobi Coal Mine,South Pit,6739,7052.9,87.5,84,4.4,2025,10,Oct,-313.9,313.9,0,95.55,Below Target,Slightly Below Target,Moderate Availability,Moderate Utilisation,Low Downtime,Needs Investigation,Further Investigation Required,Low Risk
2025-10-02,Mankokobi Coal Mine,Central Pit,7690.8,7354.5,98,69.8,5.5,2025,10,Oct,336.3,0,336.3,104.57,Target Achieved,Target Achieved,Good Availability,Poor Utilisation,Low Downtime,Available but Underutilised,No Production Shortfall,High Risk
2025-10-02,Mankokobi Coal Mine,North Pit,7008.9,8019.9,90.4,76,5.1,2025,10,Oct,-1011,1011,0,87.39,Below Target,Critical Underperformance,Good Availability,Moderate Utilisation,Low Downtime,Needs Investigation,Further Investigation Required,Medium Risk
2025-10-02,Mankokobi Coal Mine,South Pit,6553.6,6515.3,86.7,85.8,9.6,2025,10,Oct,38.3,0,38.3,100.59,Target Achieved,Target Achieved,Moderate Availability,Good Utilisation,Moderate Downtime,Needs Investigation,No Production Shortfall,Medium Risk
2025-10-03,Mankokobi Coal Mine,Central Pit,5690.2,6960.3,90,80.2,8.7,2025,10,Oct,-1270.1,1270.1,0,81.75,Below Target,Critical Underperformance,Good Availability,Moderate Utilisation,Moderate Downtime,Needs Investigation,Further Investigation Required,Medium Risk
2025-10-03,Mankokobi Coal Mine,North Pit,8082.4,8042,87.5,80.3,8.3,2025,10,Oct,40.4,0,40.4,100.5,Target Achieved,Target Achieved,Moderate Availability,Moderate Utilisation,Moderate Downtime,Needs Investigation,No Production Shortfall,Medium Risk
2025-10-03,Mankokobi Coal Mine,South Pit,5176.2,6063.5,89.9,88.2,12.3,2025,10,Oct,-887.3,887.3,0,85.37,Below Target,Critical Underperformance,Moderate Availability,Good Utilisation,High Downtime,Needs Investigation,Further Investigation Required,High Risk
2025-10-04,Mankokobi Coal Mine,Central Pit,9448.8,7697.8,96.3,76.3,8.4,2025,10,Oct,1751,0,1751,122.75,Target Achieved,Target Achieved,Good Availability,Moderate Utilisation,Moderate Downtime,Needs Investigation,No Production Shortfall,Medium Risk
2025-10-04,Mankokobi Coal Mine,North Pit,8924.7,7942.7,89.1,81.5,5.3,2025,10,Oct,982,0,982,112.36,Target Achieved,Target Achieved,Moderate Availability,Moderate Utilisation,Low Downtime,Needs Investigation,No Production Shortfall,Low Risk
2025-10-04,Mankokobi Coal Mine,South Pit,6199.9,6659.4,76.5,81.9,6.4,2025,10,Oct,-459.5,459.5,0,93.1,Below Target,Underperforming,Poor Availability,Moderate Utilisation,Moderate Downtime,Availability Constraint,Low Equipment Availability,Low Risk
2025-10-05,Mankokobi Coal Mine,Central Pit,6348.4,6376.4,92.1,63.5,10.2,2025,10,Oct,-28,28,0,99.56,Below Target,Slightly Below Target,Good Availability,Poor Utilisation,High Downtime,Available but Underutilised,Low Equipment Utilisation,High Risk
2025-10-05,Mankokobi Coal Mine,North Pit,8998.7,7736.8,83.5,72.7,6.1,2025,10,Oct,1261.9,0,1261.9,116.31,Target Achieved,Target Achieved,Moderate Availability,Poor Utilisation,Moderate Downtime,Needs Investigation,No Production Shortfall,Medium Risk
2025-10-05,Mankokobi Coal Mine,South Pit,6321.9,6543.2,85,82.2,3.7,2025,10,Oct,-221.3,221.3,0,96.62,Below Target,Slightly Below Target,Moderate Availability,Moderate Utilisation,Low Downtime,Needs Investigation,Further Investigation Required,Low Risk
2025-10-06,Mankokobi Coal Mine,Central Pit,6962.9,8243.8,90.1,77.3,7.5,2025,10,Oct,-1280.9,1280.9,0,84.46,Below Target,Critical Underperformance,Good Availability,Moderate Utilisation,Moderate Downtime,Needs Investigation,Further Investigation Required,Medium Risk
2025-10-06,Mankokobi Coal Mine,North Pit,8396.3,8494.4,90,72,12.4,2025,10,Oct,-98.1,98.1,0,98.85,Below Target,Slightly Below Target,Good Availability,Poor Utilisation,High Downtime,Available but Underutilised,Low Equipment Utilisation,High Risk
2025-10-06,Mankokobi Coal Mine,South Pit,5478.4,6347.6,91.5,78.2,10.5,2025,10,Oct,-869.2,869.2,0,86.31,Below Target,Critical Underperformance,Good Availability,Moderate Utilisation,High Downtime,Needs Investigation,Further Investigation Required,Medium Risk
2025-10-07,Mankokobi Coal Mine,Central Pit,6011.7,7000.8,87.5,93.2,8.7,2025,10,Oct,-989.1,989.1,0,85.87,Below Target,Critical Underperformance,Moderate Availability,Good Utilisation,Moderate Downtime,Needs Investigation,Further Investigation Required,Medium Risk
2025-10-07,Mankokobi Coal Mine,North Pit,7587.6,7842.9,84.3,86.2,6,2025,10,Oct,-255.3,255.3,0,96.74,Below Target,Slightly Below Target,Moderate Availability,Good Utilisation,Moderate Downtime,Needs Investigation,Further Investigation Required,Low Risk
2025-10-07,Mankokobi Coal Mine,South Pit,5488.7,6028.8,81.8,76.1,4.5,2025,10,Oct,-540.1,540.1,0,91.04,Below Target,Underperforming,Moderate Availability,Moderate Utilisation,Low Downtime,Needs Investigation,Further Investigation Required,Medium Risk
2025-10-08,Mankokobi Coal Mine,Central Pit,6992.4,7916.2,87.4,71.3,11.9,2025,10,Oct,-923.8,923.8,0,88.33,Below Target,Critical Underperformance,Moderate Availability,Poor Utilisation,High Downtime,Needs Investigation,Low Equipment Utilisation,Medium Risk
2025-10-08,Mankokobi Coal Mine,North Pit,7313,8476.8,92.4,84,7.7,2025,10,Oct,-1163.8,1163.8,0,86.27,Below Target,Critical Underperformance,Good Availability,Moderate Utilisation,Moderate Downtime,Needs Investigation,Further Investigation Required,Low Risk
2025-10-08,Mankokobi Coal Mine,South Pit,6921.2,6548.1,84.2,79.4,8.5,2025,10,Oct,373.1,0,373.1,105.7,Target Achieved,Target Achieved,Moderate Availability,Moderate Utilisation,Moderate Downtime,Needs Investigation,No Production Shortfall,Medium Risk
2025-10-09,Mankokobi Coal Mine,Central Pit,7237.6,7179.2,90.2,72.8,9.7,2025,10,Oct,58.4,0,58.4,100.81,Target Achieved,Target Achieved,Good Availability,Poor Utilisation,Moderate Downtime,Available but Underutilised,No Production Shortfall,Medium Risk
2025-10-09,Mankokobi Coal Mine,North Pit,8129.8,7464.6,81.2,79.3,8.2,2025,10,Oct,665.2,0,665.2,108.91,Target Achieved,Target Achieved,Moderate Availability,Moderate Utilisation,Moderate Downtime,Needs Investigation,No Production Shortfall,Medium Risk
2025-10-09,Mankokobi Coal Mine,South Pit,5948.8,6611.6,91.9,79.5,10.5,2025,10,Oct,-662.8,662.8,0,89.98,Below Target,Critical Underperformance,Good Availability,Moderate Utilisation,High Downtime,Needs Investigation,Further Investigation Required,Medium Risk
2025-10-10,Mankokobi Coal Mine,Central Pit,7688.2,7055.3,83.8,83.3,6.3,2025,10,Oct,632.9,0,632.9,108.97,Target Achieved,Target Achieved,Moderate Availability,Moderate Utilisation,Moderate Downtime,Needs Investigation,No Production Shortfall,Low Risk
2025-10-10,Mankokobi Coal Mine,North Pit,8324.9,8206.7,86.7,83.2,9.2,2025,10,Oct,118.2,0,118.2,101.44,Target Achieved,Target Achieved,Moderate Availability,Moderate Utilisation,Moderate Downtime,Needs Investigation,No Production Shortfall,Medium Risk
2025-10-10,Mankokobi Coal Mine,South Pit,6623.8,6804.1,84.1,67.2,9.1,2025,10,Oct,-180.3,180.3,0,97.35,Below Target,Slightly Below Target,Moderate Availability,Poor Utilisation,Moderate Downtime,Needs Investigation,Low Equipment Utilisation,High Risk
2025-10-11,Mankokobi Coal Mine,Central Pit,6526.4,7059.7,86.3,82.4,7.4,2025,10,Oct,-533.3,533.3,0,92.45,Below Target,Underperforming,Moderate Availability,Moderate Utilisation,Moderate Downtime,Needs Investigation,Further Investigation Required,Low Risk
2025-10-11,Mankokobi Coal Mine,North Pit,7594.7,7756.6,86.6,69.8,12.5,2025,10,Oct,-161.9,161.9,0,97.91,Below Target,Slightly Below Target,Moderate Availability,Poor Utilisation,High Downtime,Needs Investigation,Low Equipment Utilisation,High Risk
2025-10-11,Mankokobi Coal Mine,South Pit,6043.6,6404.7,88.3,77.6,10.9,2025,10,Oct,-361.1,361.1,0,94.36,Below Target,Underperforming,Moderate Availability,Moderate Utilisation,High Downtime,Needs Investigation,Further Investigation Required,Medium Risk
2025-10-12,Mankokobi Coal Mine,Central Pit,7120.1,7298.6,90.3,81.9,6.1,2025,10,Oct,-178.5,178.5,0,97.55,Below Target,Slightly Below Target,Good Availability,Moderate Utilisation,Moderate Downtime,Needs Investigation,Further Investigation Required,Low Risk
2025-10-12,Mankokobi Coal Mine,North Pit,7794.3,8165.5,88.4,86,4.8,2025,10,Oct,-371.2,371.2,0,95.45,Below Target,Slightly Below Target,Moderate Availability,Good Utilisation,Low Downtime,Needs Investigation,Further Investigation Required,Low Risk
2025-10-12,Mankokobi Coal Mine,South Pit,6603.8,7089.8,82.3,82.2,10.2,2025,10,Oct,-486,486,0,93.15,Below Target,Underperforming,Moderate Availability,Moderate Utilisation,High Downtime,Needs Investigation,Further Investigation Required,Medium Risk
2025-10-13,Mankokobi Coal Mine,Central Pit,7931.4,7806.7,92.9,77.6,10.8,2025,10,Oct,124.7,0,124.7,101.6,Target Achieved,Target Achieved,Good Availability,Moderate Utilisation,High Downtime,Needs Investigation,No Production Shortfall,Medium Risk
2025-10-13,Mankokobi Coal Mine,North Pit,6859.2,7729.9,84.6,71.1,12.4,2025,10,Oct,-870.7,870.7,0,88.74,Below Target,Critical Underperformance,Moderate Availability,Poor Utilisation,High Downtime,Needs Investigation,Low Equipment Utilisation,High Risk
2025-10-13,Mankokobi Coal Mine,South Pit,6232.5,7014.1,87,73.3,10.4,2025,10,Oct,-781.6,781.6,0,88.86,Below Target,Critical Underperformance,Moderate Availability,Poor Utilisation,High Downtime,Needs Investigation,Low Equipment Utilisation,Medium Risk
2025-10-14,Mankokobi Coal Mine,Central Pit,7020,7167.7,86.2,69.1,6.8,2025,10,Oct,-147.7,147.7,0,97.94,Below Target,Slightly Below Target,Moderate Availability,Poor Utilisation,Moderate Downtime,Needs Investigation,Low Equipment Utilisation,High Risk
2025-10-14,Mankokobi Coal Mine,North Pit,8038.2,8467.9,79.6,89.4,6.9,2025,10,Oct,-429.7,429.7,0,94.93,Below Target,Underperforming,Poor Availability,Good Utilisation,Moderate Downtime,Availability Constraint,Low Equipment Availability,Low Risk
2025-10-14,Mankokobi Coal Mine,South Pit,6355.9,6303.8,87.2,84.7,5,2025,10,Oct,52.1,0,52.1,100.83,Target Achieved,Target Achieved,Moderate Availability,Moderate Utilisation,Low Downtime,Needs Investigation,No Production Shortfall,Low Risk
2025-10-15,Mankokobi Coal Mine,Central Pit,7887.1,7127.3,88,85.5,3.9,2025,10,Oct,759.8,0,759.8,110.66,Target Achieved,Target Achieved,Moderate Availability,Good Utilisation,Low Downtime,Needs Investigation,No Production Shortfall,Low Risk
2025-10-15,Mankokobi Coal Mine,North Pit,7937.5,8523.5,93.5,89.9,7.3,2025,10,Oct,-586,586,0,93.12,Below Target,Underperforming,Good Availability,Good Utilisation,Moderate Downtime,Effective,Non-Equipment Constraint,Low Risk
2025-10-15,Mankokobi Coal Mine,South Pit,4910.3,6631.3,87.8,78.5,11.8,2025,10,Oct,-1721,1721,0,74.05,Below Target,Critical Underperformance,Moderate Availability,Moderate Utilisation,High Downtime,Needs Investigation,Further Investigation Required,Medium Risk
2025-10-16,Mankokobi Coal Mine,Central Pit,6126.5,6223.4,85.2,72.6,8.5,2025,10,Oct,-96.9,96.9,0,98.44,Below Target,Slightly Below Target,Moderate Availability,Poor Utilisation,Moderate Downtime,Needs Investigation,Low Equipment Utilisation,Medium Risk
2025-10-16,Mankokobi Coal Mine,North Pit,8275.7,8069.1,97,80.7,7.7,2025,10,Oct,206.6,0,206.6,102.56,Target Achieved,Target Achieved,Good Availability,Moderate Utilisation,Moderate Downtime,Needs Investigation,No Production Shortfall,Low Risk
2025-10-16,Mankokobi Coal Mine,South Pit,6606.8,6990.9,86.8,81.7,8.6,2025,10,Oct,-384.1,384.1,0,94.51,Below Target,Underperforming,Moderate Availability,Moderate Utilisation,Moderate Downtime,Needs Investigation,Further Investigation Required,Medium Risk
2025-10-17,Mankokobi Coal Mine,Central Pit,6563.1,7107.4,86.6,84.9,7.8,2025,10,Oct,-544.3,544.3,0,92.34,Below Target,Underperforming,Moderate Availability,Moderate Utilisation,Moderate Downtime,Needs Investigation,Further Investigation Required,Low Risk
2025-10-17,Mankokobi Coal Mine,North Pit,6877,7008.3,88.6,86,6.3,2025,10,Oct,-131.3,131.3,0,98.13,Below Target,Slightly Below Target,Moderate Availability,Good Utilisation,Moderate Downtime,Needs Investigation,Further Investigation Required,Low Risk
2025-10-17,Mankokobi Coal Mine,South Pit,6133.8,6312.5,85.3,81.2,6.7,2025,10,Oct,-178.7,178.7,0,97.17,Below Target,Slightly Below Target,Moderate Availability,Moderate Utilisation,Moderate Downtime,Needs Investigation,Further Investigation Required,Low Risk
2025-10-18,Mankokobi Coal Mine,Central Pit,6082.2,6820.1,93.4,77.3,9.1,2025,10,Oct,-737.9,737.9,0,89.18,Below Target,Critical Underperformance,Good Availability,Moderate Utilisation,Moderate Downtime,Needs Investigation,Further Investigation Required,Medium Risk
2025-10-18,Mankokobi Coal Mine,North Pit,7488.4,7804,89.7,90.7,12.5,2025,10,Oct,-315.6,315.6,0,95.96,Below Target,Slightly Below Target,Moderate Availability,Good Utilisation,High Downtime,Needs Investigation,Further Investigation Required,High Risk
2025-10-18,Mankokobi Coal Mine,South Pit,6479.2,6391.6,87.7,80.8,7.5,2025,10,Oct,87.6,0,87.6,101.37,Target Achieved,Target Achieved,Moderate Availability,Moderate Utilisation,Moderate Downtime,Needs Investigation,No Production Shortfall,Low Risk
2025-10-19,Mankokobi Coal Mine,Central Pit,7980.3,7708.9,79.4,56.9,7.5,2025,10,Oct,271.4,0,271.4,103.52,Target Achieved,Target Achieved,Poor Availability,Poor Utilisation,Moderate Downtime,Availability Constraint,No Production Shortfall,High Risk
2025-10-19,Mankokobi Coal Mine,North Pit,6893.3,7078,98,84.3,11.6,2025,10,Oct,-184.7,184.7,0,97.39,Below Target,Slightly Below Target,Good Availability,Moderate Utilisation,High Downtime,Needs Investigation,Further Investigation Required,Medium Risk
2025-10-19,Mankokobi Coal Mine,South Pit,4972.4,5866,91.3,73.3,12.6,2025,10,Oct,-893.6,893.6,0,84.77,Below Target,Critical Underperformance,Good Availability,Poor Utilisation,High Downtime,Available but Underutilised,Low Equipment Utilisation,High Risk
2025-10-20,Mankokobi Coal Mine,Central Pit,7188.4,6991.7,86.6,76.9,8.7,2025,10,Oct,196.7,0,196.7,102.81,Target Achieved,Target Achieved,Moderate Availability,Moderate Utilisation,Moderate Downtime,Needs Investigation,No Production Shortfall,Medium Risk
2025-10-20,Mankokobi Coal Mine,North Pit,5703.5,7859.7,84.6,81.5,5.9,2025,10,Oct,-2156.2,2156.2,0,72.57,Below Target,Critical Underperformance,Moderate Availability,Moderate Utilisation,Low Downtime,Needs Investigation,Further Investigation Required,Low Risk
2025-10-20,Mankokobi Coal Mine,South Pit,6249.2,6593.3,91.1,91,10.2,2025,10,Oct,-344.1,344.1,0,94.78,Below Target,Underperforming,Good Availability,Good Utilisation,High Downtime,Effective,Non-Equipment Constraint,Medium Risk
2025-10-21,Mankokobi Coal Mine,Central Pit,7550.4,7240.5,94.5,68.4,8.5,2025,10,Oct,309.9,0,309.9,104.28,Target Achieved,Target Achieved,Good Availability,Poor Utilisation,Moderate Downtime,Available but Underutilised,No Production Shortfall,High Risk
2025-10-21,Mankokobi Coal Mine,North Pit,8377,8667.4,98,69.8,12.4,2025,10,Oct,-290.4,290.4,0,96.65,Below Target,Slightly Below Target,Good Availability,Poor Utilisation,High Downtime,Available but Underutilised,Low Equipment Utilisation,High Risk
2025-10-21,Mankokobi Coal Mine,South Pit,6249,6640.2,98,87,5.1,2025,10,Oct,-391.2,391.2,0,94.11,Below Target,Underperforming,Good Availability,Good Utilisation,Low Downtime,Effective,Non-Equipment Constraint,Low Risk
2025-10-22,Mankokobi Coal Mine,Central Pit,6991.5,7397.6,95.5,85.5,5.7,2025,10,Oct,-406.1,406.1,0,94.51,Below Target,Underperforming,Good Availability,Good Utilisation,Low Downtime,Effective,Non-Equipment Constraint,Low Risk
2025-10-22,Mankokobi Coal Mine,North Pit,6810.9,7146.6,81.5,88,8,2025,10,Oct,-335.7,335.7,0,95.3,Below Target,Slightly Below Target,Moderate Availability,Good Utilisation,Moderate Downtime,Needs Investigation,Further Investigation Required,Low Risk
2025-10-22,Mankokobi Coal Mine,South Pit,7798,6588.6,79.5,79.2,9.3,2025,10,Oct,1209.4,0,1209.4,118.36,Target Achieved,Target Achieved,Poor Availability,Moderate Utilisation,Moderate Downtime,Availability Constraint,No Production Shortfall,Medium Risk
2025-10-23,Mankokobi Coal Mine,Central Pit,6295.2,6888.8,95.8,77.4,7.2,2025,10,Oct,-593.6,593.6,0,91.38,Below Target,Underperforming,Good Availability,Moderate Utilisation,Moderate Downtime,Needs Investigation,Further Investigation Required,Medium Risk
2025-10-23,Mankokobi Coal Mine,North Pit,7929.8,7850.6,90.6,85.4,8.8,2025,10,Oct,79.2,0,79.2,101.01,Target Achieved,Target Achieved,Good Availability,Good Utilisation,Moderate Downtime,Effective,No Production Shortfall,Medium Risk
2025-10-23,Mankokobi Coal Mine,South Pit,5629.8,6416.5,91,72.7,11.7,2025,10,Oct,-786.7,786.7,0,87.74,Below Target,Critical Underperformance,Good Availability,Poor Utilisation,High Downtime,Available but Underutilised,Low Equipment Utilisation,Medium Risk
2025-10-24,Mankokobi Coal Mine,Central Pit,6690.9,7653.4,83,67,6.4,2025,10,Oct,-962.5,962.5,0,87.42,Below Target,Critical Underperformance,Moderate Availability,Poor Utilisation,Moderate Downtime,Needs Investigation,Low Equipment Utilisation,High Risk
2025-10-24,Mankokobi Coal Mine,North Pit,6301.6,7796.7,90.7,80,9.8,2025,10,Oct,-1495.1,1495.1,0,80.82,Below Target,Critical Underperformance,Good Availability,Moderate Utilisation,Moderate Downtime,Needs Investigation,Further Investigation Required,Medium Risk
2025-10-24,Mankokobi Coal Mine,South Pit,5146.5,5714.4,87.4,73.8,12.4,2025,10,Oct,-567.9,567.9,0,90.06,Below Target,Underperforming,Moderate Availability,Poor Utilisation,High Downtime,Needs Investigation,Low Equipment Utilisation,High Risk
2025-10-25,Mankokobi Coal Mine,Central Pit,7848.8,7750.5,93.4,72.5,9.7,2025,10,Oct,98.3,0,98.3,101.27,Target Achieved,Target Achieved,Good Availability,Poor Utilisation,Moderate Downtime,Available but Underutilised,No Production Shortfall,Medium Risk
2025-10-25,Mankokobi Coal Mine,North Pit,7148.4,7258,76.3,80,7.1,2025,10,Oct,-109.6,109.6,0,98.49,Below Target,Slightly Below Target,Poor Availability,Moderate Utilisation,Moderate Downtime,Availability Constraint,Low Equipment Availability,Low Risk
2025-10-25,Mankokobi Coal Mine,South Pit,6976.3,6646.9,84.4,72.2,11.2,2025,10,Oct,329.4,0,329.4,104.96,Target Achieved,Target Achieved,Moderate Availability,Poor Utilisation,High Downtime,Needs Investigation,No Production Shortfall,Medium Risk
2025-10-26,Mankokobi Coal Mine,Central Pit,6556.8,7091.1,84.3,72.8,7.3,2025,10,Oct,-534.3,534.3,0,92.47,Below Target,Underperforming,Moderate Availability,Poor Utilisation,Moderate Downtime,Needs Investigation,Low Equipment Utilisation,Medium Risk
2025-10-26,Mankokobi Coal Mine,North Pit,6103.2,7190.6,86.9,86.4,8.5,2025,10,Oct,-1087.4,1087.4,0,84.88,Below Target,Critical Underperformance,Moderate Availability,Good Utilisation,Moderate Downtime,Needs Investigation,Further Investigation Required,Medium Risk
2025-10-26,Mankokobi Coal Mine,South Pit,5216.2,6168.6,91.9,68.8,12.4,2025,10,Oct,-952.4,952.4,0,84.56,Below Target,Critical Underperformance,Good Availability,Poor Utilisation,High Downtime,Available but Underutilised,Low Equipment Utilisation,High Risk
2025-10-27,Mankokobi Coal Mine,Central Pit,7777.1,7082.2,93.5,70.1,4.1,2025,10,Oct,694.9,0,694.9,109.81,Target Achieved,Target Achieved,Good Availability,Poor Utilisation,Low Downtime,Available but Underutilised,No Production Shortfall,Medium Risk
2025-10-27,Mankokobi Coal Mine,North Pit,7261.4,7342.4,83.1,88.7,11.3,2025,10,Oct,-81,81,0,98.9,Below Target,Slightly Below Target,Moderate Availability,Good Utilisation,High Downtime,Needs Investigation,Further Investigation Required,Medium Risk
2025-10-27,Mankokobi Coal Mine,South Pit,6174.1,5849.9,83,85.3,6.3,2025,10,Oct,324.2,0,324.2,105.54,Target Achieved,Target Achieved,Moderate Availability,Good Utilisation,Moderate Downtime,Needs Investigation,No Production Shortfall,Low Risk
2025-10-28,Mankokobi Coal Mine,Central Pit,8813.5,7727.1,96.8,81,6.1,2025,10,Oct,1086.4,0,1086.4,114.06,Target Achieved,Target Achieved,Good Availability,Moderate Utilisation,Moderate Downtime,Needs Investigation,No Production Shortfall,Low Risk
2025-10-28,Mankokobi Coal Mine,North Pit,7249.3,7578.2,93,89.9,9.8,2025,10,Oct,-328.9,328.9,0,95.66,Below Target,Slightly Below Target,Good Availability,Good Utilisation,Moderate Downtime,Effective,Non-Equipment Constraint,Medium Risk
2025-10-28,Mankokobi Coal Mine,South Pit,5739.6,5705.1,86.3,84.6,8.7,2025,10,Oct,34.5,0,34.5,100.6,Target Achieved,Target Achieved,Moderate Availability,Moderate Utilisation,Moderate Downtime,Needs Investigation,No Production Shortfall,Medium Risk
2025-10-29,Mankokobi Coal Mine,Central Pit,5342.7,6388.3,88.3,76.3,4.8,2025,10,Oct,-1045.6,1045.6,0,83.63,Below Target,Critical Underperformance,Moderate Availability,Moderate Utilisation,Low Downtime,Needs Investigation,Further Investigation Required,Medium Risk
2025-10-29,Mankokobi Coal Mine,North Pit,7896.3,7977,98,64.2,5.2,2025,10,Oct,-80.7,80.7,0,98.99,Below Target,Slightly Below Target,Good Availability,Poor Utilisation,Low Downtime,Available but Underutilised,Low Equipment Utilisation,High Risk
2025-10-29,Mankokobi Coal Mine,South Pit,6618.5,6335.7,89.7,82.5,10.5,2025,10,Oct,282.8,0,282.8,104.46,Target Achieved,Target Achieved,Moderate Availability,Moderate Utilisation,High Downtime,Needs Investigation,No Production Shortfall,Medium Risk
2025-10-30,Mankokobi Coal Mine,Central Pit,7604,8006.6,74.3,78.7,5.3,2025,10,Oct,-402.6,402.6,0,94.97,Below Target,Underperforming,Poor Availability,Moderate Utilisation,Low Downtime,Availability Constraint,Low Equipment Availability,High Risk
2025-10-30,Mankokobi Coal Mine,North Pit,8735.9,7973.2,83.5,79.9,9.4,2025,10,Oct,762.7,0,762.7,109.57,Target Achieved,Target Achieved,Moderate Availability,Moderate Utilisation,Moderate Downtime,Needs Investigation,No Production Shortfall,Medium Risk
2025-10-30,Mankokobi Coal Mine,South Pit,5847.3,5848.2,85,70.4,9.8,2025,10,Oct,-0.9,0.9,0,99.98,Below Target,Slightly Below Target,Moderate Availability,Poor Utilisation,Moderate Downtime,Needs Investigation,Low Equipment Utilisation,Medium Risk
2025-10-31,Mankokobi Coal Mine,Central Pit,7416.7,7397.5,83.7,79.1,9.2,2025,10,Oct,19.2,0,19.2,100.26,Target Achieved,Target Achieved,Moderate Availability,Moderate Utilisation,Moderate Downtime,Needs Investigation,No Production Shortfall,Medium Risk
2025-10-31,Mankokobi Coal Mine,North Pit,8305.1,7628.9,90.4,78.6,7.8,2025,10,Oct,676.2,0,676.2,108.86,Target Achieved,Target Achieved,Good Availability,Moderate Utilisation,Moderate Downtime,Needs Investigation,No Production Shortfall,Medium Risk
2025-10-31,Mankokobi Coal Mine,South Pit,6255.4,6425.8,84.6,82,9.1,2025,10,Oct,-170.4,170.4,0,97.35,Below Target,Slightly Below Target,Moderate Availability,Moderate Utilisation,Moderate Downtime,Needs Investigation,Further Investigation Required,Medium Risk
2025-11-01,Mankokobi Coal Mine,Central Pit,6537.3,6671.9,94.7,80.2,3.8,2025,11,Nov,-134.6,134.6,0,97.98,Below Target,Slightly Below Target,Good Availability,Moderate Utilisation,Low Downtime,Needs Investigation,Further Investigation Required,Low Risk
2025-11-01,Mankokobi Coal Mine,North Pit,7619.3,8069.7,92.5,80.3,6.1,2025,11,Nov,-450.4,450.4,0,94.42,Below Target,Underperforming,Good Availability,Moderate Utilisation,Moderate Downtime,Needs Investigation,Further Investigation Required,Low Risk
2025-11-01,Mankokobi Coal Mine,South Pit,7723.8,7068.9,93.2,81.4,9.4,2025,11,Nov,654.9,0,654.9,109.26,Target Achieved,Target Achieved,Good Availability,Moderate Utilisation,Moderate Downtime,Needs Investigation,No Production Shortfall,Medium Risk
2025-11-02,Mankokobi Coal Mine,Central Pit,7419.2,7510.1,92.8,73.3,7.4,2025,11,Nov,-90.9,90.9,0,98.79,Below Target,Slightly Below Target,Good Availability,Poor Utilisation,Moderate Downtime,Available but Underutilised,Low Equipment Utilisation,Medium Risk
2025-11-02,Mankokobi Coal Mine,North Pit,7839.4,8003.4,83.2,74.2,6.9,2025,11,Nov,-164,164,0,97.95,Below Target,Slightly Below Target,Moderate Availability,Poor Utilisation,Moderate Downtime,Needs Investigation,Low Equipment Utilisation,Medium Risk
2025-11-02,Mankokobi Coal Mine,South Pit,7532.3,6941.5,87.7,68.3,8.3,2025,11,Nov,590.8,0,590.8,108.51,Target Achieved,Target Achieved,Moderate Availability,Poor Utilisation,Moderate Downtime,Needs Investigation,No Production Shortfall,High Risk
2025-11-03,Mankokobi Coal Mine,Central Pit,6573.5,6853.2,93.1,72.7,9.5,2025,11,Nov,-279.7,279.7,0,95.92,Below Target,Slightly Below Target,Good Availability,Poor Utilisation,Moderate Downtime,Available but Underutilised,Low Equipment Utilisation,Medium Risk
2025-11-03,Mankokobi Coal Mine,North Pit,6791.4,7704.1,75.8,87.6,11.7,2025,11,Nov,-912.7,912.7,0,88.15,Below Target,Critical Underperformance,Poor Availability,Good Utilisation,High Downtime,Availability Constraint,High Downtime / Low Availability,Medium Risk
2025-11-03,Mankokobi Coal Mine,South Pit,5212.3,6654.2,85.3,65.5,4.3,2025,11,Nov,-1441.9,1441.9,0,78.33,Below Target,Critical Underperformance,Moderate Availability,Poor Utilisation,Low Downtime,Needs Investigation,Low Equipment Utilisation,High Risk
2025-11-04,Mankokobi Coal Mine,Central Pit,7226.2,7137.3,90.8,68.5,4.5,2025,11,Nov,88.9,0,88.9,101.25,Target Achieved,Target Achieved,Good Availability,Poor Utilisation,Low Downtime,Available but Underutilised,No Production Shortfall,High Risk
2025-11-04,Mankokobi Coal Mine,North Pit,7068.5,8288.7,90.9,74.7,11.1,2025,11,Nov,-1220.2,1220.2,0,85.28,Below Target,Critical Underperformance,Good Availability,Poor Utilisation,High Downtime,Available but Underutilised,Low Equipment Utilisation,Medium Risk
2025-11-04,Mankokobi Coal Mine,South Pit,5269.6,6521.6,94.5,82.2,4.4,2025,11,Nov,-1252,1252,0,80.8,Below Target,Critical Underperformance,Good Availability,Moderate Utilisation,Low Downtime,Needs Investigation,Further Investigation Required,Low Risk
2025-11-05,Mankokobi Coal Mine,Central Pit,6847.8,7341.4,84.6,78.7,11,2025,11,Nov,-493.6,493.6,0,93.28,Below Target,Underperforming,Moderate Availability,Moderate Utilisation,High Downtime,Needs Investigation,Further Investigation Required,Medium Risk
2025-11-05,Mankokobi Coal Mine,North Pit,7668.6,8070.6,96.2,74.5,5.3,2025,11,Nov,-402,402,0,95.02,Below Target,Slightly Below Target,Good Availability,Poor Utilisation,Low Downtime,Available but Underutilised,Low Equipment Utilisation,Medium Risk
2025-11-05,Mankokobi Coal Mine,South Pit,6389.8,6117.3,80.7,67.1,3.8,2025,11,Nov,272.5,0,272.5,104.45,Target Achieved,Target Achieved,Moderate Availability,Poor Utilisation,Low Downtime,Needs Investigation,No Production Shortfall,High Risk
2025-11-06,Mankokobi Coal Mine,Central Pit,7203.3,7041.2,81.6,84,12.3,2025,11,Nov,162.1,0,162.1,102.3,Target Achieved,Target Achieved,Moderate Availability,Moderate Utilisation,High Downtime,Needs Investigation,No Production Shortfall,High Risk
2025-11-06,Mankokobi Coal Mine,North Pit,8548.8,8189.8,95.7,88.9,9.7,2025,11,Nov,359,0,359,104.38,Target Achieved,Target Achieved,Good Availability,Good Utilisation,Moderate Downtime,Effective,No Production Shortfall,Medium Risk
2025-11-06,Mankokobi Coal Mine,South Pit,6775.4,6125.1,90.6,91.1,10.6,2025,11,Nov,650.3,0,650.3,110.62,Target Achieved,Target Achieved,Good Availability,Good Utilisation,High Downtime,Effective,No Production Shortfall,Medium Risk
2025-11-07,Mankokobi Coal Mine,Central Pit,6991.1,7381.7,87.6,78.6,5.1,2025,11,Nov,-390.6,390.6,0,94.71,Below Target,Underperforming,Moderate Availability,Moderate Utilisation,Low Downtime,Needs Investigation,Further Investigation Required,Medium Risk
2025-11-07,Mankokobi Coal Mine,North Pit,8744.3,8236.8,90.8,74.8,9.4,2025,11,Nov,507.5,0,507.5,106.16,Target Achieved,Target Achieved,Good Availability,Poor Utilisation,Moderate Downtime,Available but Underutilised,No Production Shortfall,Medium Risk
2025-11-07,Mankokobi Coal Mine,South Pit,5290.5,6258.4,91,77.8,11.8,2025,11,Nov,-967.9,967.9,0,84.53,Below Target,Critical Underperformance,Good Availability,Moderate Utilisation,High Downtime,Needs Investigation,Further Investigation Required,Medium Risk
2025-11-08,Mankokobi Coal Mine,Central Pit,7050.2,7470.3,82.7,73.9,9.8,2025,11,Nov,-420.1,420.1,0,94.38,Below Target,Underperforming,Moderate Availability,Poor Utilisation,Moderate Downtime,Needs Investigation,Low Equipment Utilisation,Medium Risk
2025-11-08,Mankokobi Coal Mine,North Pit,8727.7,7676.5,85.9,78,11.8,2025,11,Nov,1051.2,0,1051.2,113.69,Target Achieved,Target Achieved,Moderate Availability,Moderate Utilisation,High Downtime,Needs Investigation,No Production Shortfall,Medium Risk
2025-11-08,Mankokobi Coal Mine,South Pit,5960.9,7261.1,91,74.4,7.2,2025,11,Nov,-1300.2,1300.2,0,82.09,Below Target,Critical Underperformance,Good Availability,Poor Utilisation,Moderate Downtime,Available but Underutilised,Low Equipment Utilisation,Medium Risk
2025-11-09,Mankokobi Coal Mine,Central Pit,6920,7518.5,86.4,80.1,11.8,2025,11,Nov,-598.5,598.5,0,92.04,Below Target,Underperforming,Moderate Availability,Moderate Utilisation,High Downtime,Needs Investigation,Further Investigation Required,Medium Risk
2025-11-09,Mankokobi Coal Mine,North Pit,7627.6,7465.5,80.6,66.9,11.8,2025,11,Nov,162.1,0,162.1,102.17,Target Achieved,Target Achieved,Moderate Availability,Poor Utilisation,High Downtime,Needs Investigation,No Production Shortfall,High Risk
2025-11-09,Mankokobi Coal Mine,South Pit,7514.2,6915.2,87.6,69.7,5.3,2025,11,Nov,599,0,599,108.66,Target Achieved,Target Achieved,Moderate Availability,Poor Utilisation,Low Downtime,Needs Investigation,No Production Shortfall,High Risk
2025-11-10,Mankokobi Coal Mine,Central Pit,8086.6,7458.3,83.1,74.6,9.5,2025,11,Nov,628.3,0,628.3,108.42,Target Achieved,Target Achieved,Moderate Availability,Poor Utilisation,Moderate Downtime,Needs Investigation,No Production Shortfall,Medium Risk
2025-11-10,Mankokobi Coal Mine,North Pit,7301.4,7636.5,86.5,87.5,4.9,2025,11,Nov,-335.1,335.1,0,95.61,Below Target,Slightly Below Target,Moderate Availability,Good Utilisation,Low Downtime,Needs Investigation,Further Investigation Required,Low Risk
2025-11-10,Mankokobi Coal Mine,South Pit,8435.6,7488.2,90.3,85.2,6,2025,11,Nov,947.4,0,947.4,112.65,Target Achieved,Target Achieved,Good Availability,Good Utilisation,Moderate Downtime,Effective,No Production Shortfall,Low Risk
2025-11-11,Mankokobi Coal Mine,Central Pit,8315.1,7784,94.6,70.4,10.8,2025,11,Nov,531.1,0,531.1,106.82,Target Achieved,Target Achieved,Good Availability,Poor Utilisation,High Downtime,Available but Underutilised,No Production Shortfall,Medium Risk
2025-11-11,Mankokobi Coal Mine,North Pit,8448.5,7866.1,85,79.2,11.1,2025,11,Nov,582.4,0,582.4,107.4,Target Achieved,Target Achieved,Moderate Availability,Moderate Utilisation,High Downtime,Needs Investigation,No Production Shortfall,Medium Risk
2025-11-11,Mankokobi Coal Mine,South Pit,7127.8,6732.2,86.3,76.5,9.3,2025,11,Nov,395.6,0,395.6,105.88,Target Achieved,Target Achieved,Moderate Availability,Moderate Utilisation,Moderate Downtime,Needs Investigation,No Production Shortfall,Medium Risk
2025-11-12,Mankokobi Coal Mine,Central Pit,7379.3,7476.5,91.2,77.3,6,2025,11,Nov,-97.2,97.2,0,98.7,Below Target,Slightly Below Target,Good Availability,Moderate Utilisation,Moderate Downtime,Needs Investigation,Further Investigation Required,Medium Risk
2025-11-12,Mankokobi Coal Mine,North Pit,6512.2,7147.6,77.4,85.5,14.7,2025,11,Nov,-635.4,635.4,0,91.11,Below Target,Underperforming,Poor Availability,Good Utilisation,High Downtime,Availability Constraint,High Downtime / Low Availability,High Risk
2025-11-12,Mankokobi Coal Mine,South Pit,7237.3,6743.2,92,71.3,10.1,2025,11,Nov,494.1,0,494.1,107.33,Target Achieved,Target Achieved,Good Availability,Poor Utilisation,High Downtime,Available but Underutilised,No Production Shortfall,Medium Risk
2025-11-13,Mankokobi Coal Mine,Central Pit,6386.4,7623.6,81.3,89.4,4.6,2025,11,Nov,-1237.2,1237.2,0,83.77,Below Target,Critical Underperformance,Moderate Availability,Good Utilisation,Low Downtime,Needs Investigation,Further Investigation Required,Low Risk
2025-11-13,Mankokobi Coal Mine,North Pit,8033.5,7864.1,86.3,71,11,2025,11,Nov,169.4,0,169.4,102.15,Target Achieved,Target Achieved,Moderate Availability,Poor Utilisation,High Downtime,Needs Investigation,No Production Shortfall,Medium Risk
2025-11-13,Mankokobi Coal Mine,South Pit,6114.1,6989.5,84.9,84,12.3,2025,11,Nov,-875.4,875.4,0,87.48,Below Target,Critical Underperformance,Moderate Availability,Moderate Utilisation,High Downtime,Needs Investigation,Further Investigation Required,High Risk
2025-11-14,Mankokobi Coal Mine,Central Pit,6606.4,7066.3,86.4,83.7,7,2025,11,Nov,-459.9,459.9,0,93.49,Below Target,Underperforming,Moderate Availability,Moderate Utilisation,Moderate Downtime,Needs Investigation,Further Investigation Required,Low Risk
2025-11-14,Mankokobi Coal Mine,North Pit,8087,7905.9,92.7,75.2,12.4,2025,11,Nov,181.1,0,181.1,102.29,Target Achieved,Target Achieved,Good Availability,Moderate Utilisation,High Downtime,Needs Investigation,No Production Shortfall,High Risk
2025-11-14,Mankokobi Coal Mine,South Pit,6517.3,6540.1,84.4,78.2,7.3,2025,11,Nov,-22.8,22.8,0,99.65,Below Target,Slightly Below Target,Moderate Availability,Moderate Utilisation,Moderate Downtime,Needs Investigation,Further Investigation Required,Medium Risk
2025-11-15,Mankokobi Coal Mine,Central Pit,7449.1,7862.5,87.9,90.4,10.2,2025,11,Nov,-413.4,413.4,0,94.74,Below Target,Underperforming,Moderate Availability,Good Utilisation,High Downtime,Needs Investigation,Further Investigation Required,Medium Risk
2025-11-15,Mankokobi Coal Mine,North Pit,6916.1,7662.4,92.6,79.5,12,2025,11,Nov,-746.3,746.3,0,90.26,Below Target,Underperforming,Good Availability,Moderate Utilisation,High Downtime,Needs Investigation,Further Investigation Required,Medium Risk
2025-11-15,Mankokobi Coal Mine,South Pit,6475.1,6455,82.1,73.7,6.9,2025,11,Nov,20.1,0,20.1,100.31,Target Achieved,Target Achieved,Moderate Availability,Poor Utilisation,Moderate Downtime,Needs Investigation,No Production Shortfall,Medium Risk
2025-11-16,Mankokobi Coal Mine,Central Pit,8133.5,7517.4,95.2,76.5,9,2025,11,Nov,616.1,0,616.1,108.2,Target Achieved,Target Achieved,Good Availability,Moderate Utilisation,Moderate Downtime,Needs Investigation,No Production Shortfall,Medium Risk
2025-11-16,Mankokobi Coal Mine,North Pit,7814.8,7975.3,88.1,87.4,7.5,2025,11,Nov,-160.5,160.5,0,97.99,Below Target,Slightly Below Target,Moderate Availability,Good Utilisation,Moderate Downtime,Needs Investigation,Further Investigation Required,Low Risk
2025-11-16,Mankokobi Coal Mine,South Pit,5756.7,6153.3,98,72.9,10.2,2025,11,Nov,-396.6,396.6,0,93.55,Below Target,Underperforming,Good Availability,Poor Utilisation,High Downtime,Available but Underutilised,Low Equipment Utilisation,Medium Risk
2025-11-17,Mankokobi Coal Mine,Central Pit,6818.8,6830,98,76.3,7.4,2025,11,Nov,-11.2,11.2,0,99.84,Below Target,Slightly Below Target,Good Availability,Moderate Utilisation,Moderate Downtime,Needs Investigation,Further Investigation Required,Medium Risk
2025-11-17,Mankokobi Coal Mine,North Pit,7427.4,7947.8,76.9,88.1,6,2025,11,Nov,-520.4,520.4,0,93.45,Below Target,Underperforming,Poor Availability,Good Utilisation,Moderate Downtime,Availability Constraint,Low Equipment Availability,Low Risk
2025-11-17,Mankokobi Coal Mine,South Pit,6909.2,6465.8,97.5,71.8,10.9,2025,11,Nov,443.4,0,443.4,106.86,Target Achieved,Target Achieved,Good Availability,Poor Utilisation,High Downtime,Available but Underutilised,No Production Shortfall,Medium Risk
2025-11-18,Mankokobi Coal Mine,Central Pit,7100.6,6671.9,85,80.7,7.6,2025,11,Nov,428.7,0,428.7,106.43,Target Achieved,Target Achieved,Moderate Availability,Moderate Utilisation,Moderate Downtime,Needs Investigation,No Production Shortfall,Low Risk
2025-11-18,Mankokobi Coal Mine,North Pit,6384.1,7333.8,90.3,82.5,11.1,2025,11,Nov,-949.7,949.7,0,87.05,Below Target,Critical Underperformance,Good Availability,Moderate Utilisation,High Downtime,Needs Investigation,Further Investigation Required,Medium Risk
2025-11-18,Mankokobi Coal Mine,South Pit,6703.9,6038.2,87.7,67.7,12.6,2025,11,Nov,665.7,0,665.7,111.02,Target Achieved,Target Achieved,Moderate Availability,Poor Utilisation,High Downtime,Needs Investigation,No Production Shortfall,High Risk
2025-11-19,Mankokobi Coal Mine,Central Pit,9974.5,8109.4,85.9,76.4,5.3,2025,11,Nov,1865.1,0,1865.1,123,Target Achieved,Target Achieved,Moderate Availability,Moderate Utilisation,Low Downtime,Needs Investigation,No Production Shortfall,Medium Risk
2025-11-19,Mankokobi Coal Mine,North Pit,6976,7051,72.4,83.7,13.2,2025,11,Nov,-75,75,0,98.94,Below Target,Slightly Below Target,Poor Availability,Moderate Utilisation,High Downtime,Availability Constraint,High Downtime / Low Availability,High Risk
2025-11-19,Mankokobi Coal Mine,South Pit,6244.6,5968.3,86.7,76.3,12.2,2025,11,Nov,276.3,0,276.3,104.63,Target Achieved,Target Achieved,Moderate Availability,Moderate Utilisation,High Downtime,Needs Investigation,No Production Shortfall,High Risk
2025-11-20,Mankokobi Coal Mine,Central Pit,7165.6,7460.7,83.6,88.4,5.6,2025,11,Nov,-295.1,295.1,0,96.04,Below Target,Slightly Below Target,Moderate Availability,Good Utilisation,Low Downtime,Needs Investigation,Further Investigation Required,Low Risk
2025-11-20,Mankokobi Coal Mine,North Pit,8931,8898.7,91.1,70.5,7,2025,11,Nov,32.3,0,32.3,100.36,Target Achieved,Target Achieved,Good Availability,Poor Utilisation,Moderate Downtime,Available but Underutilised,No Production Shortfall,Medium Risk
2025-11-20,Mankokobi Coal Mine,South Pit,6675.6,6535.4,81.6,79.4,7.4,2025,11,Nov,140.2,0,140.2,102.15,Target Achieved,Target Achieved,Moderate Availability,Moderate Utilisation,Moderate Downtime,Needs Investigation,No Production Shortfall,Medium Risk
2025-11-21,Mankokobi Coal Mine,Central Pit,7221.3,6810.4,92,84.5,9.7,2025,11,Nov,410.9,0,410.9,106.03,Target Achieved,Target Achieved,Good Availability,Moderate Utilisation,Moderate Downtime,Needs Investigation,No Production Shortfall,Medium Risk
2025-11-21,Mankokobi Coal Mine,North Pit,6356.6,7566.4,88.2,82.6,4.6,2025,11,Nov,-1209.8,1209.8,0,84.01,Below Target,Critical Underperformance,Moderate Availability,Moderate Utilisation,Low Downtime,Needs Investigation,Further Investigation Required,Low Risk
2025-11-21,Mankokobi Coal Mine,South Pit,6617.7,7056.1,89.4,76.4,5.8,2025,11,Nov,-438.4,438.4,0,93.79,Below Target,Underperforming,Moderate Availability,Moderate Utilisation,Low Downtime,Needs Investigation,Further Investigation Required,Medium Risk
2025-11-22,Mankokobi Coal Mine,Central Pit,6801.6,6734.2,85.3,77.4,6.6,2025,11,Nov,67.4,0,67.4,101,Target Achieved,Target Achieved,Moderate Availability,Moderate Utilisation,Moderate Downtime,Needs Investigation,No Production Shortfall,Medium Risk
2025-11-22,Mankokobi Coal Mine,North Pit,7719.1,8336.3,94.2,73.3,6.1,2025,11,Nov,-617.2,617.2,0,92.6,Below Target,Underperforming,Good Availability,Poor Utilisation,Moderate Downtime,Available but Underutilised,Low Equipment Utilisation,Medium Risk
2025-11-22,Mankokobi Coal Mine,South Pit,6191.2,6557.2,89.5,81,9.1,2025,11,Nov,-366,366,0,94.42,Below Target,Underperforming,Moderate Availability,Moderate Utilisation,Moderate Downtime,Needs Investigation,Further Investigation Required,Medium Risk
2025-11-23,Mankokobi Coal Mine,Central Pit,7550.4,7194.9,94.8,77.1,10.5,2025,11,Nov,355.5,0,355.5,104.94,Target Achieved,Target Achieved,Good Availability,Moderate Utilisation,High Downtime,Needs Investigation,No Production Shortfall,Medium Risk
2025-11-23,Mankokobi Coal Mine,North Pit,6847.5,8005.6,85.4,71,10.5,2025,11,Nov,-1158.1,1158.1,0,85.53,Below Target,Critical Underperformance,Moderate Availability,Poor Utilisation,High Downtime,Needs Investigation,Low Equipment Utilisation,Medium Risk
2025-11-23,Mankokobi Coal Mine,South Pit,7419.8,7106.9,87.8,73.7,10.8,2025,11,Nov,312.9,0,312.9,104.4,Target Achieved,Target Achieved,Moderate Availability,Poor Utilisation,High Downtime,Needs Investigation,No Production Shortfall,Medium Risk
2025-11-24,Mankokobi Coal Mine,Central Pit,7980.7,7689.6,88.6,85.1,3.7,2025,11,Nov,291.1,0,291.1,103.79,Target Achieved,Target Achieved,Moderate Availability,Good Utilisation,Low Downtime,Needs Investigation,No Production Shortfall,Low Risk
2025-11-24,Mankokobi Coal Mine,North Pit,6858.8,7753.9,92.2,78.9,8.8,2025,11,Nov,-895.1,895.1,0,88.46,Below Target,Critical Underperformance,Good Availability,Moderate Utilisation,Moderate Downtime,Needs Investigation,Further Investigation Required,Medium Risk
2025-11-24,Mankokobi Coal Mine,South Pit,5791.9,5807.2,98,72.5,9.8,2025,11,Nov,-15.3,15.3,0,99.74,Below Target,Slightly Below Target,Good Availability,Poor Utilisation,Moderate Downtime,Available but Underutilised,Low Equipment Utilisation,Medium Risk
2025-11-25,Mankokobi Coal Mine,Central Pit,7602.7,7438.2,87.3,70.4,12.3,2025,11,Nov,164.5,0,164.5,102.21,Target Achieved,Target Achieved,Moderate Availability,Poor Utilisation,High Downtime,Needs Investigation,No Production Shortfall,High Risk
2025-11-25,Mankokobi Coal Mine,North Pit,8530.4,8657.8,88.1,69.7,9.4,2025,11,Nov,-127.4,127.4,0,98.53,Below Target,Slightly Below Target,Moderate Availability,Poor Utilisation,Moderate Downtime,Needs Investigation,Low Equipment Utilisation,High Risk
2025-11-25,Mankokobi Coal Mine,South Pit,6699.5,6354.1,88.2,68.4,10.8,2025,11,Nov,345.4,0,345.4,105.44,Target Achieved,Target Achieved,Moderate Availability,Poor Utilisation,High Downtime,Needs Investigation,No Production Shortfall,High Risk
2025-11-26,Mankokobi Coal Mine,Central Pit,6771.5,7005,88.5,85.7,11.3,2025,11,Nov,-233.5,233.5,0,96.67,Below Target,Slightly Below Target,Moderate Availability,Good Utilisation,High Downtime,Needs Investigation,Further Investigation Required,Medium Risk
2025-11-26,Mankokobi Coal Mine,North Pit,6780.6,6612.3,88.7,74.1,8.5,2025,11,Nov,168.3,0,168.3,102.55,Target Achieved,Target Achieved,Moderate Availability,Poor Utilisation,Moderate Downtime,Needs Investigation,No Production Shortfall,Medium Risk
2025-11-26,Mankokobi Coal Mine,South Pit,6456.3,6960.1,86,80.7,4.5,2025,11,Nov,-503.8,503.8,0,92.76,Below Target,Underperforming,Moderate Availability,Moderate Utilisation,Low Downtime,Needs Investigation,Further Investigation Required,Low Risk
2025-11-27,Mankokobi Coal Mine,Central Pit,8344.6,7731.9,82.7,79.8,4.7,2025,11,Nov,612.7,0,612.7,107.92,Target Achieved,Target Achieved,Moderate Availability,Moderate Utilisation,Low Downtime,Needs Investigation,No Production Shortfall,Medium Risk
2025-11-27,Mankokobi Coal Mine,North Pit,7771.5,7318.3,95,73.3,9.4,2025,11,Nov,453.2,0,453.2,106.19,Target Achieved,Target Achieved,Good Availability,Poor Utilisation,Moderate Downtime,Available but Underutilised,No Production Shortfall,Medium Risk
2025-11-27,Mankokobi Coal Mine,South Pit,6574.4,6191.7,86.6,85.2,4.6,2025,11,Nov,382.7,0,382.7,106.18,Target Achieved,Target Achieved,Moderate Availability,Good Utilisation,Low Downtime,Needs Investigation,No Production Shortfall,Low Risk
2025-11-28,Mankokobi Coal Mine,Central Pit,7042.5,6379.5,92.3,77.8,7.8,2025,11,Nov,663,0,663,110.39,Target Achieved,Target Achieved,Good Availability,Moderate Utilisation,Moderate Downtime,Needs Investigation,No Production Shortfall,Medium Risk
2025-11-28,Mankokobi Coal Mine,North Pit,9069.5,8575.3,88.1,78.2,12.2,2025,11,Nov,494.2,0,494.2,105.76,Target Achieved,Target Achieved,Moderate Availability,Moderate Utilisation,High Downtime,Needs Investigation,No Production Shortfall,High Risk
2025-11-28,Mankokobi Coal Mine,South Pit,7944.7,7243.7,87.8,75.6,6.6,2025,11,Nov,701,0,701,109.68,Target Achieved,Target Achieved,Moderate Availability,Moderate Utilisation,Moderate Downtime,Needs Investigation,No Production Shortfall,Medium Risk
2025-11-29,Mankokobi Coal Mine,Central Pit,6660.1,7079.8,86.3,71.8,7.7,2025,11,Nov,-419.7,419.7,0,94.07,Below Target,Underperforming,Moderate Availability,Poor Utilisation,Moderate Downtime,Needs Investigation,Low Equipment Utilisation,Medium Risk
2025-11-29,Mankokobi Coal Mine,North Pit,8538.3,9192.8,86.3,83.1,8,2025,11,Nov,-654.5,654.5,0,92.88,Below Target,Underperforming,Moderate Availability,Moderate Utilisation,Moderate Downtime,Needs Investigation,Further Investigation Required,Low Risk
2025-11-29,Mankokobi Coal Mine,South Pit,7270.7,6932.5,77.3,63.6,9.3,2025,11,Nov,338.2,0,338.2,104.88,Target Achieved,Target Achieved,Poor Availability,Poor Utilisation,Moderate Downtime,Availability Constraint,No Production Shortfall,High Risk
2025-11-30,Mankokobi Coal Mine,Central Pit,6756.4,7082.6,91.6,88,6.6,2025,11,Nov,-326.2,326.2,0,95.39,Below Target,Slightly Below Target,Good Availability,Good Utilisation,Moderate Downtime,Effective,Non-Equipment Constraint,Low Risk
2025-11-30,Mankokobi Coal Mine,North Pit,7286.6,7947.9,90.1,72,7.7,2025,11,Nov,-661.3,661.3,0,91.68,Below Target,Underperforming,Good Availability,Poor Utilisation,Moderate Downtime,Available but Underutilised,Low Equipment Utilisation,Medium Risk
2025-11-30,Mankokobi Coal Mine,South Pit,6294.1,6115.4,89.7,75.5,11.5,2025,11,Nov,178.7,0,178.7,102.92,Target Achieved,Target Achieved,Moderate Availability,Moderate Utilisation,High Downtime,Needs Investigation,No Production Shortfall,Medium Risk
2025-12-01,Mankokobi Coal Mine,Central Pit,7147.8,7399.7,80.7,82.8,8.5,2025,12,Dec,-251.9,251.9,0,96.6,Below Target,Slightly Below Target,Moderate Availability,Moderate Utilisation,Moderate Downtime,Needs Investigation,Further Investigation Required,Medium Risk
2025-12-01,Mankokobi Coal Mine,North Pit,8238.1,8577.1,83.2,82.4,4.7,2025,12,Dec,-339,339,0,96.05,Below Target,Slightly Below Target,Moderate Availability,Moderate Utilisation,Low Downtime,Needs Investigation,Further Investigation Required,Low Risk
2025-12-01,Mankokobi Coal Mine,South Pit,6256.3,7135,82.2,84.1,4.1,2025,12,Dec,-878.7,878.7,0,87.68,Below Target,Critical Underperformance,Moderate Availability,Moderate Utilisation,Low Downtime,Needs Investigation,Further Investigation Required,Low Risk
2025-12-02,Mankokobi Coal Mine,Central Pit,7962.8,8011.4,84.4,72.4,3.8,2025,12,Dec,-48.6,48.6,0,99.39,Below Target,Slightly Below Target,Moderate Availability,Poor Utilisation,Low Downtime,Needs Investigation,Low Equipment Utilisation,Medium Risk
2025-12-02,Mankokobi Coal Mine,North Pit,7650.3,8025.9,96.2,72.3,6.2,2025,12,Dec,-375.6,375.6,0,95.32,Below Target,Slightly Below Target,Good Availability,Poor Utilisation,Moderate Downtime,Available but Underutilised,Low Equipment Utilisation,Medium Risk
2025-12-02,Mankokobi Coal Mine,South Pit,6913,6647.7,83.1,79.3,10.8,2025,12,Dec,265.3,0,265.3,103.99,Target Achieved,Target Achieved,Moderate Availability,Moderate Utilisation,High Downtime,Needs Investigation,No Production Shortfall,Medium Risk
2025-12-03,Mankokobi Coal Mine,Central Pit,8835,8451.6,86.7,78.8,8.5,2025,12,Dec,383.4,0,383.4,104.54,Target Achieved,Target Achieved,Moderate Availability,Moderate Utilisation,Moderate Downtime,Needs Investigation,No Production Shortfall,Medium Risk
2025-12-03,Mankokobi Coal Mine,North Pit,7274.3,7052.5,85.1,74.1,8.2,2025,12,Dec,221.8,0,221.8,103.15,Target Achieved,Target Achieved,Moderate Availability,Poor Utilisation,Moderate Downtime,Needs Investigation,No Production Shortfall,Medium Risk
2025-12-03,Mankokobi Coal Mine,South Pit,6986,7122.8,93.2,78.9,5,2025,12,Dec,-136.8,136.8,0,98.08,Below Target,Slightly Below Target,Good Availability,Moderate Utilisation,Low Downtime,Needs Investigation,Further Investigation Required,Medium Risk
2025-12-04,Mankokobi Coal Mine,Central Pit,7075.5,7513.7,87.8,79,4.1,2025,12,Dec,-438.2,438.2,0,94.17,Below Target,Underperforming,Moderate Availability,Moderate Utilisation,Low Downtime,Needs Investigation,Further Investigation Required,Medium Risk
2025-12-04,Mankokobi Coal Mine,North Pit,6960.7,7555.8,83.4,68.4,8,2025,12,Dec,-595.1,595.1,0,92.12,Below Target,Underperforming,Moderate Availability,Poor Utilisation,Moderate Downtime,Needs Investigation,Low Equipment Utilisation,High Risk
2025-12-04,Mankokobi Coal Mine,South Pit,7442.7,6765,94.9,95,5.1,2025,12,Dec,677.7,0,677.7,110.02,Target Achieved,Target Achieved,Good Availability,Good Utilisation,Low Downtime,Effective,No Production Shortfall,Low Risk
2025-12-05,Mankokobi Coal Mine,Central Pit,7340.8,7692.7,91.4,72.8,4.9,2025,12,Dec,-351.9,351.9,0,95.43,Below Target,Slightly Below Target,Good Availability,Poor Utilisation,Low Downtime,Available but Underutilised,Low Equipment Utilisation,Medium Risk
2025-12-05,Mankokobi Coal Mine,North Pit,7948.6,7754.9,82.4,68.6,4.6,2025,12,Dec,193.7,0,193.7,102.5,Target Achieved,Target Achieved,Moderate Availability,Poor Utilisation,Low Downtime,Needs Investigation,No Production Shortfall,High Risk
2025-12-05,Mankokobi Coal Mine,South Pit,7472.6,7188.2,95.6,72,5.8,2025,12,Dec,284.4,0,284.4,103.96,Target Achieved,Target Achieved,Good Availability,Poor Utilisation,Low Downtime,Available but Underutilised,No Production Shortfall,Medium Risk
2025-12-06,Mankokobi Coal Mine,Central Pit,6638.4,7541.7,91.5,72.2,7.2,2025,12,Dec,-903.3,903.3,0,88.02,Below Target,Critical Underperformance,Good Availability,Poor Utilisation,Moderate Downtime,Available but Underutilised,Low Equipment Utilisation,Medium Risk
2025-12-06,Mankokobi Coal Mine,North Pit,7473.4,7841.8,90.7,79.4,7.2,2025,12,Dec,-368.4,368.4,0,95.3,Below Target,Slightly Below Target,Good Availability,Moderate Utilisation,Moderate Downtime,Needs Investigation,Further Investigation Required,Medium Risk
2025-12-06,Mankokobi Coal Mine,South Pit,6068,6753.8,84.4,76.2,6.8,2025,12,Dec,-685.8,685.8,0,89.85,Below Target,Critical Underperformance,Moderate Availability,Moderate Utilisation,Moderate Downtime,Needs Investigation,Further Investigation Required,Medium Risk
2025-12-07,Mankokobi Coal Mine,Central Pit,7944.4,7615.4,85.6,71.7,6.9,2025,12,Dec,329,0,329,104.32,Target Achieved,Target Achieved,Moderate Availability,Poor Utilisation,Moderate Downtime,Needs Investigation,No Production Shortfall,Medium Risk
2025-12-07,Mankokobi Coal Mine,North Pit,7486.9,8331.2,91.3,75.3,7,2025,12,Dec,-844.3,844.3,0,89.87,Below Target,Critical Underperformance,Good Availability,Moderate Utilisation,Moderate Downtime,Needs Investigation,Further Investigation Required,Medium Risk
2025-12-07,Mankokobi Coal Mine,South Pit,7619.5,6879.6,83.5,74.4,8.8,2025,12,Dec,739.9,0,739.9,110.76,Target Achieved,Target Achieved,Moderate Availability,Poor Utilisation,Moderate Downtime,Needs Investigation,No Production Shortfall,Medium Risk
2025-12-08,Mankokobi Coal Mine,Central Pit,8238.8,8049.7,95.1,89.6,10.4,2025,12,Dec,189.1,0,189.1,102.35,Target Achieved,Target Achieved,Good Availability,Good Utilisation,High Downtime,Effective,No Production Shortfall,Medium Risk
2025-12-08,Mankokobi Coal Mine,North Pit,7195,8091.6,92.7,75,11.2,2025,12,Dec,-896.6,896.6,0,88.92,Below Target,Critical Underperformance,Good Availability,Moderate Utilisation,High Downtime,Needs Investigation,Further Investigation Required,Medium Risk
2025-12-08,Mankokobi Coal Mine,South Pit,6718.8,6264.7,90,82.6,4.4,2025,12,Dec,454.1,0,454.1,107.25,Target Achieved,Target Achieved,Good Availability,Moderate Utilisation,Low Downtime,Needs Investigation,No Production Shortfall,Low Risk
2025-12-09,Mankokobi Coal Mine,Central Pit,7623.2,7887.7,90.6,75.4,11.3,2025,12,Dec,-264.5,264.5,0,96.65,Below Target,Slightly Below Target,Good Availability,Moderate Utilisation,High Downtime,Needs Investigation,Further Investigation Required,Medium Risk
2025-12-09,Mankokobi Coal Mine,North Pit,5893.5,7478.4,87.2,85.7,9.2,2025,12,Dec,-1584.9,1584.9,0,78.81,Below Target,Critical Underperformance,Moderate Availability,Good Utilisation,Moderate Downtime,Needs Investigation,Further Investigation Required,Medium Risk
2025-12-09,Mankokobi Coal Mine,South Pit,5864.6,6773.8,94.8,84.9,6.8,2025,12,Dec,-909.2,909.2,0,86.58,Below Target,Critical Underperformance,Good Availability,Moderate Utilisation,Moderate Downtime,Needs Investigation,Further Investigation Required,Low Risk
2025-12-10,Mankokobi Coal Mine,Central Pit,8075.3,7295.1,90.4,79.7,10.5,2025,12,Dec,780.2,0,780.2,110.69,Target Achieved,Target Achieved,Good Availability,Moderate Utilisation,High Downtime,Needs Investigation,No Production Shortfall,Medium Risk
2025-12-10,Mankokobi Coal Mine,North Pit,9640,9029.9,94.6,69.2,6.9,2025,12,Dec,610.1,0,610.1,106.76,Target Achieved,Target Achieved,Good Availability,Poor Utilisation,Moderate Downtime,Available but Underutilised,No Production Shortfall,High Risk
2025-12-10,Mankokobi Coal Mine,South Pit,6442,6372.6,91.7,85.4,7.5,2025,12,Dec,69.4,0,69.4,101.09,Target Achieved,Target Achieved,Good Availability,Good Utilisation,Moderate Downtime,Effective,No Production Shortfall,Low Risk
2025-12-11,Mankokobi Coal Mine,Central Pit,8329.3,7826,85.8,75.7,4.3,2025,12,Dec,503.3,0,503.3,106.43,Target Achieved,Target Achieved,Moderate Availability,Moderate Utilisation,Low Downtime,Needs Investigation,No Production Shortfall,Medium Risk
2025-12-11,Mankokobi Coal Mine,North Pit,7212.1,8038.8,90.8,75.8,12.2,2025,12,Dec,-826.7,826.7,0,89.72,Below Target,Critical Underperformance,Good Availability,Moderate Utilisation,High Downtime,Needs Investigation,Further Investigation Required,High Risk
2025-12-11,Mankokobi Coal Mine,South Pit,7187,6367.9,94.2,75.9,8,2025,12,Dec,819.1,0,819.1,112.86,Target Achieved,Target Achieved,Good Availability,Moderate Utilisation,Moderate Downtime,Needs Investigation,No Production Shortfall,Medium Risk
2025-12-12,Mankokobi Coal Mine,Central Pit,6359.5,8088.3,88.6,80.7,9.6,2025,12,Dec,-1728.8,1728.8,0,78.63,Below Target,Critical Underperformance,Moderate Availability,Moderate Utilisation,Moderate Downtime,Needs Investigation,Further Investigation Required,Medium Risk
2025-12-12,Mankokobi Coal Mine,North Pit,7099.1,7823,95.2,63.5,6.9,2025,12,Dec,-723.9,723.9,0,90.75,Below Target,Underperforming,Good Availability,Poor Utilisation,Moderate Downtime,Available but Underutilised,Low Equipment Utilisation,High Risk
2025-12-12,Mankokobi Coal Mine,South Pit,6451.6,6378.9,82.7,79,8.8,2025,12,Dec,72.7,0,72.7,101.14,Target Achieved,Target Achieved,Moderate Availability,Moderate Utilisation,Moderate Downtime,Needs Investigation,No Production Shortfall,Medium Risk
2025-12-13,Mankokobi Coal Mine,Central Pit,5521.8,7187.8,86.8,71.9,4.1,2025,12,Dec,-1666,1666,0,76.82,Below Target,Critical Underperformance,Moderate Availability,Poor Utilisation,Low Downtime,Needs Investigation,Low Equipment Utilisation,Medium Risk
2025-12-13,Mankokobi Coal Mine,North Pit,9650.9,7977,88.4,79.3,8.5,2025,12,Dec,1673.9,0,1673.9,120.98,Target Achieved,Target Achieved,Moderate Availability,Moderate Utilisation,Moderate Downtime,Needs Investigation,No Production Shortfall,Medium Risk
2025-12-13,Mankokobi Coal Mine,South Pit,6534.5,7110.1,98,83.7,5.1,2025,12,Dec,-575.6,575.6,0,91.9,Below Target,Underperforming,Good Availability,Moderate Utilisation,Low Downtime,Needs Investigation,Further Investigation Required,Low Risk
2025-12-14,Mankokobi Coal Mine,Central Pit,7787.1,7955.4,90.7,72.9,6.1,2025,12,Dec,-168.3,168.3,0,97.88,Below Target,Slightly Below Target,Good Availability,Poor Utilisation,Moderate Downtime,Available but Underutilised,Low Equipment Utilisation,Medium Risk
2025-12-14,Mankokobi Coal Mine,North Pit,7270.2,8005.3,80.5,71.1,9.4,2025,12,Dec,-735.1,735.1,0,90.82,Below Target,Underperforming,Moderate Availability,Poor Utilisation,Moderate Downtime,Needs Investigation,Low Equipment Utilisation,Medium Risk
2025-12-14,Mankokobi Coal Mine,South Pit,6778.1,6825.8,89.6,74.1,8.7,2025,12,Dec,-47.7,47.7,0,99.3,Below Target,Slightly Below Target,Moderate Availability,Poor Utilisation,Moderate Downtime,Needs Investigation,Low Equipment Utilisation,Medium Risk
2025-12-15,Mankokobi Coal Mine,Central Pit,5669.8,6789.1,86.8,60.7,8.8,2025,12,Dec,-1119.3,1119.3,0,83.51,Below Target,Critical Underperformance,Moderate Availability,Poor Utilisation,Moderate Downtime,Needs Investigation,Low Equipment Utilisation,High Risk
2025-12-15,Mankokobi Coal Mine,North Pit,7400.3,7154.2,98,79.1,4.2,2025,12,Dec,246.1,0,246.1,103.44,Target Achieved,Target Achieved,Good Availability,Moderate Utilisation,Low Downtime,Needs Investigation,No Production Shortfall,Medium Risk
2025-12-15,Mankokobi Coal Mine,South Pit,6279.8,6348.1,85.6,87,9.6,2025,12,Dec,-68.3,68.3,0,98.92,Below Target,Slightly Below Target,Moderate Availability,Good Utilisation,Moderate Downtime,Needs Investigation,Further Investigation Required,Medium Risk
2025-12-16,Mankokobi Coal Mine,Central Pit,8659.6,8473.7,84.2,89.4,6.1,2025,12,Dec,185.9,0,185.9,102.19,Target Achieved,Target Achieved,Moderate Availability,Good Utilisation,Moderate Downtime,Needs Investigation,No Production Shortfall,Low Risk
2025-12-16,Mankokobi Coal Mine,North Pit,8917.9,8321.2,87,79.6,8.4,2025,12,Dec,596.7,0,596.7,107.17,Target Achieved,Target Achieved,Moderate Availability,Moderate Utilisation,Moderate Downtime,Needs Investigation,No Production Shortfall,Medium Risk
2025-12-16,Mankokobi Coal Mine,South Pit,6067.9,6437.8,88.7,88.6,9.8,2025,12,Dec,-369.9,369.9,0,94.25,Below Target,Underperforming,Moderate Availability,Good Utilisation,Moderate Downtime,Needs Investigation,Further Investigation Required,Medium Risk
2025-12-17,Mankokobi Coal Mine,Central Pit,7848.7,7410.8,89.6,75.7,6.4,2025,12,Dec,437.9,0,437.9,105.91,Target Achieved,Target Achieved,Moderate Availability,Moderate Utilisation,Moderate Downtime,Needs Investigation,No Production Shortfall,Medium Risk
2025-12-17,Mankokobi Coal Mine,North Pit,6982.7,7179.8,87.9,85.9,9.8,2025,12,Dec,-197.1,197.1,0,97.25,Below Target,Slightly Below Target,Moderate Availability,Good Utilisation,Moderate Downtime,Needs Investigation,Further Investigation Required,Medium Risk
2025-12-17,Mankokobi Coal Mine,South Pit,6783.1,7133.1,88.1,77,11.3,2025,12,Dec,-350,350,0,95.09,Below Target,Slightly Below Target,Moderate Availability,Moderate Utilisation,High Downtime,Needs Investigation,Further Investigation Required,Medium Risk
2025-12-18,Mankokobi Coal Mine,Central Pit,7705.8,7529.6,96.8,77.9,4.1,2025,12,Dec,176.2,0,176.2,102.34,Target Achieved,Target Achieved,Good Availability,Moderate Utilisation,Low Downtime,Needs Investigation,No Production Shortfall,Medium Risk
2025-12-18,Mankokobi Coal Mine,North Pit,6588.3,7543.7,85.6,64.7,11.8,2025,12,Dec,-955.4,955.4,0,87.34,Below Target,Critical Underperformance,Moderate Availability,Poor Utilisation,High Downtime,Needs Investigation,Low Equipment Utilisation,High Risk
2025-12-18,Mankokobi Coal Mine,South Pit,7052.9,6628.9,79.1,72.6,10.9,2025,12,Dec,424,0,424,106.4,Target Achieved,Target Achieved,Poor Availability,Poor Utilisation,High Downtime,Availability Constraint,No Production Shortfall,Medium Risk
2025-12-19,Mankokobi Coal Mine,Central Pit,8447.9,8298.1,98,65.9,3.8,2025,12,Dec,149.8,0,149.8,101.81,Target Achieved,Target Achieved,Good Availability,Poor Utilisation,Low Downtime,Available but Underutilised,No Production Shortfall,High Risk
2025-12-19,Mankokobi Coal Mine,North Pit,8907,8205.4,88.6,78.3,10.6,2025,12,Dec,701.6,0,701.6,108.55,Target Achieved,Target Achieved,Moderate Availability,Moderate Utilisation,High Downtime,Needs Investigation,No Production Shortfall,Medium Risk
2025-12-19,Mankokobi Coal Mine,South Pit,7576.5,7255.2,98,77.9,4.2,2025,12,Dec,321.3,0,321.3,104.43,Target Achieved,Target Achieved,Good Availability,Moderate Utilisation,Low Downtime,Needs Investigation,No Production Shortfall,Medium Risk
2025-12-20,Mankokobi Coal Mine,Central Pit,6666.6,6908,97.4,77.2,6,2025,12,Dec,-241.4,241.4,0,96.51,Below Target,Slightly Below Target,Good Availability,Moderate Utilisation,Moderate Downtime,Needs Investigation,Further Investigation Required,Medium Risk
2025-12-20,Mankokobi Coal Mine,North Pit,8357.6,8659.8,89,82.4,5.3,2025,12,Dec,-302.2,302.2,0,96.51,Below Target,Slightly Below Target,Moderate Availability,Moderate Utilisation,Low Downtime,Needs Investigation,Further Investigation Required,Low Risk
2025-12-20,Mankokobi Coal Mine,South Pit,6522.4,6974.6,88.7,83.6,4.1,2025,12,Dec,-452.2,452.2,0,93.52,Below Target,Underperforming,Moderate Availability,Moderate Utilisation,Low Downtime,Needs Investigation,Further Investigation Required,Low Risk
2025-12-21,Mankokobi Coal Mine,Central Pit,6785.2,7549.4,92.4,78.5,4.7,2025,12,Dec,-764.2,764.2,0,89.88,Below Target,Critical Underperformance,Good Availability,Moderate Utilisation,Low Downtime,Needs Investigation,Further Investigation Required,Medium Risk
2025-12-21,Mankokobi Coal Mine,North Pit,8069.3,7787.6,88.4,85.2,9.4,2025,12,Dec,281.7,0,281.7,103.62,Target Achieved,Target Achieved,Moderate Availability,Good Utilisation,Moderate Downtime,Needs Investigation,No Production Shortfall,Medium Risk
2025-12-21,Mankokobi Coal Mine,South Pit,5749,6626.5,98,77.7,12.2,2025,12,Dec,-877.5,877.5,0,86.76,Below Target,Critical Underperformance,Good Availability,Moderate Utilisation,High Downtime,Needs Investigation,Further Investigation Required,High Risk
2025-12-22,Mankokobi Coal Mine,Central Pit,6797.1,6924.9,85.6,76.2,5.6,2025,12,Dec,-127.8,127.8,0,98.15,Below Target,Slightly Below Target,Moderate Availability,Moderate Utilisation,Low Downtime,Needs Investigation,Further Investigation Required,Medium Risk
2025-12-22,Mankokobi Coal Mine,North Pit,8517.5,7585.9,77.6,83.2,7.7,2025,12,Dec,931.6,0,931.6,112.28,Target Achieved,Target Achieved,Poor Availability,Moderate Utilisation,Moderate Downtime,Availability Constraint,No Production Shortfall,Low Risk
2025-12-22,Mankokobi Coal Mine,South Pit,6005.7,6556.4,91.4,77.6,3.7,2025,12,Dec,-550.7,550.7,0,91.6,Below Target,Underperforming,Good Availability,Moderate Utilisation,Low Downtime,Needs Investigation,Further Investigation Required,Medium Risk
2025-12-23,Mankokobi Coal Mine,Central Pit,8740.6,7780.5,90.3,78.3,5.7,2025,12,Dec,960.1,0,960.1,112.34,Target Achieved,Target Achieved,Good Availability,Moderate Utilisation,Low Downtime,Needs Investigation,No Production Shortfall,Medium Risk
2025-12-23,Mankokobi Coal Mine,North Pit,8766.7,8210.6,88.5,81.1,4.1,2025,12,Dec,556.1,0,556.1,106.77,Target Achieved,Target Achieved,Moderate Availability,Moderate Utilisation,Low Downtime,Needs Investigation,No Production Shortfall,Low Risk
2025-12-23,Mankokobi Coal Mine,South Pit,6587.7,7066.9,92,73.2,10.7,2025,12,Dec,-479.2,479.2,0,93.22,Below Target,Underperforming,Good Availability,Poor Utilisation,High Downtime,Available but Underutilised,Low Equipment Utilisation,Medium Risk
2025-12-24,Mankokobi Coal Mine,Central Pit,7639.4,7498.7,86.8,83.2,7.7,2025,12,Dec,140.7,0,140.7,101.88,Target Achieved,Target Achieved,Moderate Availability,Moderate Utilisation,Moderate Downtime,Needs Investigation,No Production Shortfall,Low Risk
2025-12-24,Mankokobi Coal Mine,North Pit,8795.5,7960.7,93.8,79.3,11.7,2025,12,Dec,834.8,0,834.8,110.49,Target Achieved,Target Achieved,Good Availability,Moderate Utilisation,High Downtime,Needs Investigation,No Production Shortfall,Medium Risk
2025-12-24,Mankokobi Coal Mine,South Pit,5239.7,6311.9,90.3,77.7,4.4,2025,12,Dec,-1072.2,1072.2,0,83.01,Below Target,Critical Underperformance,Good Availability,Moderate Utilisation,Low Downtime,Needs Investigation,Further Investigation Required,Medium Risk
2025-12-25,Mankokobi Coal Mine,Central Pit,9763.6,8702.9,91.6,71.8,4.1,2025,12,Dec,1060.7,0,1060.7,112.19,Target Achieved,Target Achieved,Good Availability,Poor Utilisation,Low Downtime,Available but Underutilised,No Production Shortfall,Medium Risk
2025-12-25,Mankokobi Coal Mine,North Pit,7339.3,8219.2,98,76.7,6.6,2025,12,Dec,-879.9,879.9,0,89.29,Below Target,Critical Underperformance,Good Availability,Moderate Utilisation,Moderate Downtime,Needs Investigation,Further Investigation Required,Medium Risk
2025-12-25,Mankokobi Coal Mine,South Pit,5664.4,6521.5,81.8,80.2,5,2025,12,Dec,-857.1,857.1,0,86.86,Below Target,Critical Underperformance,Moderate Availability,Moderate Utilisation,Low Downtime,Needs Investigation,Further Investigation Required,Low Risk
2025-12-26,Mankokobi Coal Mine,Central Pit,7127.3,7511.4,88.1,79.5,11.9,2025,12,Dec,-384.1,384.1,0,94.89,Below Target,Underperforming,Moderate Availability,Moderate Utilisation,High Downtime,Needs Investigation,Further Investigation Required,Medium Risk
2025-12-26,Mankokobi Coal Mine,North Pit,9526.6,8778,82.5,63.6,7.4,2025,12,Dec,748.6,0,748.6,108.53,Target Achieved,Target Achieved,Moderate Availability,Poor Utilisation,Moderate Downtime,Needs Investigation,No Production Shortfall,High Risk
2025-12-26,Mankokobi Coal Mine,South Pit,6518.7,6517.5,80.3,84.9,12.1,2025,12,Dec,1.2,0,1.2,100.02,Target Achieved,Target Achieved,Moderate Availability,Moderate Utilisation,High Downtime,Needs Investigation,No Production Shortfall,High Risk
2025-12-27,Mankokobi Coal Mine,Central Pit,6390.1,7471.6,95.9,71.8,11.3,2025,12,Dec,-1081.5,1081.5,0,85.53,Below Target,Critical Underperformance,Good Availability,Poor Utilisation,High Downtime,Available but Underutilised,Low Equipment Utilisation,Medium Risk
2025-12-27,Mankokobi Coal Mine,North Pit,9205.9,8006.3,89.2,71.6,7.8,2025,12,Dec,1199.6,0,1199.6,114.98,Target Achieved,Target Achieved,Moderate Availability,Poor Utilisation,Moderate Downtime,Needs Investigation,No Production Shortfall,Medium Risk
2025-12-27,Mankokobi Coal Mine,South Pit,6150.4,6496.7,93.1,75.7,11.9,2025,12,Dec,-346.3,346.3,0,94.67,Below Target,Underperforming,Good Availability,Moderate Utilisation,High Downtime,Needs Investigation,Further Investigation Required,Medium Risk
2025-12-28,Mankokobi Coal Mine,Central Pit,6343.7,7119.9,88.3,78.8,12,2025,12,Dec,-776.2,776.2,0,89.1,Below Target,Critical Underperformance,Moderate Availability,Moderate Utilisation,High Downtime,Needs Investigation,Further Investigation Required,Medium Risk
2025-12-28,Mankokobi Coal Mine,North Pit,9588.6,8627.7,98,66,10.9,2025,12,Dec,960.9,0,960.9,111.14,Target Achieved,Target Achieved,Good Availability,Poor Utilisation,High Downtime,Available but Underutilised,No Production Shortfall,High Risk
2025-12-28,Mankokobi Coal Mine,South Pit,7674.4,7223.3,85.8,72.6,3.9,2025,12,Dec,451.1,0,451.1,106.25,Target Achieved,Target Achieved,Moderate Availability,Poor Utilisation,Low Downtime,Needs Investigation,No Production Shortfall,Medium Risk
2025-12-29,Mankokobi Coal Mine,Central Pit,5548,7328.9,89.8,75.2,8.5,2025,12,Dec,-1780.9,1780.9,0,75.7,Below Target,Critical Underperformance,Moderate Availability,Moderate Utilisation,Moderate Downtime,Needs Investigation,Further Investigation Required,Medium Risk
2025-12-29,Mankokobi Coal Mine,North Pit,7300,8316.6,85.2,74.4,8.1,2025,12,Dec,-1016.6,1016.6,0,87.78,Below Target,Critical Underperformance,Moderate Availability,Poor Utilisation,Moderate Downtime,Needs Investigation,Low Equipment Utilisation,Medium Risk
2025-12-29,Mankokobi Coal Mine,South Pit,7229.1,6695.5,90.3,82.2,8.6,2025,12,Dec,533.6,0,533.6,107.97,Target Achieved,Target Achieved,Good Availability,Moderate Utilisation,Moderate Downtime,Needs Investigation,No Production Shortfall,Medium Risk
2025-12-30,Mankokobi Coal Mine,Central Pit,7468.3,6965,94.6,79.3,4.4,2025,12,Dec,503.3,0,503.3,107.23,Target Achieved,Target Achieved,Good Availability,Moderate Utilisation,Low Downtime,Needs Investigation,No Production Shortfall,Medium Risk
2025-12-30,Mankokobi Coal Mine,North Pit,7205.8,7862.4,97.2,80.8,8.3,2025,12,Dec,-656.6,656.6,0,91.65,Below Target,Underperforming,Good Availability,Moderate Utilisation,Moderate Downtime,Needs Investigation,Further Investigation Required,Medium Risk
2025-12-30,Mankokobi Coal Mine,South Pit,8533.2,7605.1,86.3,77.8,11.7,2025,12,Dec,928.1,0,928.1,112.2,Target Achieved,Target Achieved,Moderate Availability,Moderate Utilisation,High Downtime,Needs Investigation,No Production Shortfall,Medium Risk
2025-12-31,Mankokobi Coal Mine,Central Pit,6908,7419.6,92.5,74.2,7.4,2025,12,Dec,-511.6,511.6,0,93.1,Below Target,Underperforming,Good Availability,Poor Utilisation,Moderate Downtime,Available but Underutilised,Low Equipment Utilisation,Medium Risk
2025-12-31,Mankokobi Coal Mine,North Pit,8103,7930.1,79.4,83.7,5.4,2025,12,Dec,172.9,0,172.9,102.18,Target Achieved,Target Achieved,Poor Availability,Moderate Utilisation,Low Downtime,Availability Constraint,No Production Shortfall,Low Risk
2025-12-31,Mankokobi Coal Mine,South Pit,5992.8,6532,81.8,75.1,8.8,2025,12,Dec,-539.2,539.2,0,91.75,Below Target,Underperforming,Moderate Availability,Moderate Utilisation,Moderate Downtime,Needs Investigation,Further Investigation Required,Medium Risk
